종목명,기호,종가,변동 %,시가 총액,거래량
"에코프로비엠","247540","229.00K","6.51%","21.00T","571.78K"
"에코프로","086520","517.00K","0.00%","13.62T","0.00"
"HLB","028300","97.10K","4.18%","12.17T","1.26M"
"알테오젠","196170","174.70K","8.64%","8.52T","1.18M"
"엔켐","348370","315.50K","4.64%","5.73T","456.77K"
"리노공업","058470","268.50K","0.56%","4.03T","105.83K"
"셀트리온제약","068760","92.10K","4.90%","3.64T","112.21K"
"HPSP","403870","44.05K","3.89%","3.52T","1.41M"
"레인보우로보틱스","277810","171.10K","2.58%","3.24T","110.80K"
"이오테크닉스","039030","243.50K","-0.20%","2.95T","153.34K"
"신성델타테크","065350","91.60K","2.12%","2.44T","367.23K"
"클래시스","214150","39.25K","3.29%","2.40T","455.43K"
"동진쎄미켐","005290","46.25K","0.22%","2.37T","763.68K"
"솔브레인","357780","302.00K","-0.33%","2.35T","26.35K"
"휴젤","145020","200.50K","0.60%","2.18T","32.32K"
"삼천당제약","000250","104.00K","9.01%","2.17T","1.67M"
"JYP Ent.","035900","64.60K","3.19%","2.07T","216.89K"
"ISC","095340","91.90K","0.66%","1.87T","255.36K"
"원익IPS","240810","37.25K","0.54%","1.77T","392.30K"
"에스엠","041510","76.70K","2.27%","1.74T","64.49K"
"에이치엘비생명과학","067630","16.66K","2.40%","1.74T","509.22K"
"카카오게임즈","293490","20.75K","0.00%","1.70T","132.67K"
"펄어비스","263750","27.80K","2.21%","1.67T","100.91K"
"레고켐바이오","141080","62.00K","5.44%","1.65T","396.48K"
"주성엔지니어링","036930","34.70K","0.73%","1.64T","587.89K"
"LS머트리얼즈","417200","25.20K","5.44%","1.62T","975.75K"
"위메이드","112040","48.25K","1.79%","1.59T","413.60K"
"티씨케이","064760","136.30K","-0.15%","1.59T","57.21K"
"에스티팜","237690","83.30K","2.97%","1.53T","88.79K"
"CJ ENM","035760","74.10K","0.27%","1.53T","50.53K"
"루닛","328130","50.80K","1.20%","1.44T","227.43K"
"레이크머티리얼즈","281740","22.20K","1.83%","1.43T","633.35K"
"하나마이크론","067310","29.15K","0.87%","1.37T","1.97M"
"테크윙","089030","38.30K","2.96%","1.33T","1.26M"
"나노신소재","121600","115.10K","3.41%","1.33T","58.11K"
"파마리서치","214450","127.10K","-0.70%","1.31T","227.66K"
"대주전자재료","078600","90.40K","3.31%","1.29T","99.75K"
"파라다이스","034230","15.02K","1.14%","1.28T","416.18K"
"스튜디오드래곤","253450","40.75K","0.99%","1.21T","27.66K"
"제이앤티씨","204270","22.65K","8.37%","1.19T","12.28M"
"아프리카TV","067160","114.30K","4.00%","1.18T","64.11K"
"유진테크","084370","51.20K","-1.73%","1.16T","217.15K"
"고영","098460","18.03K","2.04%","1.16T","438.20K"
"하나머티리얼즈","166090","56.20K","-0.88%","1.12T","218.50K"
"파크시스템스","140860","159.00K","-1.18%","1.11T","30.12K"
"가온칩스","399720","101.10K","4.44%","1.11T","292.57K"
"오스코텍","039200","28.65K","0.53%","1.09T","233.44K"
"메지온","140410","36.85K","0.96%","1.08T","69.11K"
"동화기업","025900","56.30K","0.00%","1.03T","0.00"
"에이비엘바이오","298380","22.60K","5.12%","1.03T","363.98K"
"피에스케이","031980","52.10K","9.92%","1.02T","1.11M"
"파두","440110","20.20K","-2.65%","1.02T","1.09M"
"더블유씨피","393890","31.30K","4.33%","1.01T","210.67K"
"에코프로에이치엔","383310","68.10K","2.87%","1.01T","118.48K"
"솔브레인홀딩스","036830","49.15K","0.92%","1.01T","111.24K"
"케어젠","214370","20.30K","1.25%","985.14B","59.33K"
"HK이노엔","195940","36.50K","5.64%","978.80B","170.76K"
"원텍","336570","11.20K","1.63%","971.63B","1.67M"
"씨젠","096530","21.55K","2.62%","966.93B","130.73K"
"에스앤에스텍","101490","45.55K","0.00%","957.93B","207.88K"
"심텍","222800","30.25K","2.20%","942.64B","128.78K"
"SFA반도체","036540","5.85K","2.27%","937.88B","759.23K"
"PSK","319660","33.25K","2.78%","937.07B","429.41K"
"HLB테라퓨틱스","115450","12.37K","0.49%","923.81B","1.07M"
"덕산네오룩스","213420","37.25K","-0.53%","919.88B","72.75K"
"차바이오텍","085660","16.83K","3.25%","917.93B","394.20K"
"국일제지","078130","800.00","0.00%","901.92B","0.00"
"기가비스","420770","72.00K","1.27%","901.25B","126.63K"
"코미코","183300","88.80K","3.74%","888.60B","247.39K"
"성일하이텍","365340","75.20K","3.01%","883.66B","21.11K"
"제이시스메디칼","287410","11.80K","0.85%","882.54B","4.30M"
"서진시스템","178320","23.75K","1.28%","870.25B","265.28K"
"원익QnC","074600","33.15K","0.91%","863.56B","334.43K"
"메디톡스","086900","132.20K","3.20%","862.14B","26.29K"
"People Tech MS","257370","9.21K","0.00%","859.79B","0.00"
"피엔티","137400","39.40K","1.94%","859.79B","73.91K"
"넥슨게임즈","225570","12.96K","1.01%","819.10B","74.46K"
"에스에프에이","056190","25.40K","1.80%","816.30B","52.34K"
"씨앤씨인터내셔널","352480","83.50K","4.11%","801.77B","96.57K"
"코오롱티슈진","950160","10.70K","0.56%","790.29B","149.31K"
"현대바이오","048410","19.92K","1.07%","784.82B","116.75K"
"포스코엠텍","009520","19.75K","5.61%","778.72B","1.50M"
"와이지엔터테인먼트","122870","43.60K","4.31%","775.25B","118.89K"
"실리콘투","257720","13.26K","3.59%","772.98B","1.15M"
"제주반도체","080220","23.80K","3.03%","770.46B","1.22M"
"두산테스나","131970","48.35K","5.91%","757.10B","220.17K"
"제룡전기","033100","51.50K","10.28%","750.11B","2.08M"
"씨아이에스","222080","10.78K","4.26%","738.70B","509.49K"
"덕산테코피아","317330","38.30K","0.52%","732.41B","346.56K"
"천보","278280","73.40K","1.80%","715.95B","19.34K"
"성우하이텍","015750","9.04K","1.57%","711.93B","418.74K"
"제이오","418550","23.60K","4.89%","710.23B","149.39K"
"시노펙스","025320","8.55K","0.23%","708.57B","1.17M"
"바이오니아","064550","27.25K","0.55%","699.46B","62.86K"
"VT GMP","018290","20.65K","5.79%","698.67B","1.16M"
"메가스터디교육","215200","63.20K","2.60%","695.58B","94.62K"
"Angel Robotics","455900","51.20K","3.43%","693.74B","566.30K"
"동국제약","086450","16.22K","3.12%","691.53B","90.03K"
"우리기술투자","041190","8.71K","-0.91%","684.49B","2.80M"
"Smart Solutions","136510","11.60K","0.00%","666.44B","0.00"
"티에스이","131290","61.90K","1.64%","650.68B","102.81K"
"엠로","058970","61.80K","6.74%","649.18B","110.22K"
"자람테크놀로지","389020","109.50K","4.68%","648.28B","257.41K"
"필옵틱스","161580","30.00K","6.76%","637.26B","4.04M"
"오픈엣지테크놀로지","394280","29.65K","2.42%","628.95B","789.94K"
"에이직랜드","445090","64.50K","10.63%","622.55B","1.44M"
"넥스틴","348210","62.80K","2.95%","621.36B","92.38K"
"디어유","376300","26.90K","6.11%","601.77B","90.22K"
"에프에스티","036810","30.90K","0.98%","599.65B","1.57M"
"하림지주","003380","6.25K","1.63%","598.16B","130.51K"
"에스피지","058610","27.40K","2.62%","592.14B","104.74K"
"와이아이케이","232140","9.46K","29.95%","584.03B","48.67M"
"인텔리안테크","189300","56.80K","4.60%","570.78B","59.48K"
"이녹스첨단소재","272290","29.15K","1.04%","565.80B","109.84K"
"MIT","038340","1.33K","0.00%","564.74B","0.00"
"네이처셀","007390","8.79K","0.23%","562.66B","280.71K"
"현대힘스","460930","17.36K","7.83%","560.67B","2.57M"
"비올","335890","9.87K","1.75%","560.11B","1.61M"
"안랩","053800","64.40K","0.47%","556.76B","63.72K"
"케이엠더블유","032500","14.29K","2.36%","555.90B","121.01K"
"이엠텍","091120","34.45K","2.23%","553.93B","135.01K"
"지아이이노베이션","358570","12.89K","3.95%","547.34B","411.45K"
"필에너지","378340","26.70K","4.71%","541.81B","456.76K"
"제우스","079370","18.19K","4.84%","538.14B","928.14K"
"지씨셀","144510","36.60K","2.38%","537.06B","21.23K"
"에스티아이","039440","41.25K","13.79%","534.22B","3.70M"
"아난티","025980","6.00K","1.87%","533.81B","190.08K"
"서울반도체","046890","9.45K","0.53%","529.98B","99.95K"
"에이디테크놀로지","200710","42.05K","3.83%","528.75B","389.19K"
"클리오","237880","30.45K","1.67%","524.42B","91.18K"
"지노믹트리","228760","22.70K","3.42%","518.72B","226.08K"
"디아이티","110990","30.35K","8.01%","515.56B","6.55M"
"데브시스터즈","194480","48.80K","1.99%","514.87B","46.91K"
"테스","095610","28.90K","-1.37%","513.96B","1.54M"
"커넥트웨이브","119860","12.99K","0.62%","513.46B","120.16K"
"보로노이","310210","30.10K","2.03%","510.36B","77.64K"
"아이센스","099190","18.65K","2.14%","502.31B","127.66K"
"골프존","215000","81.60K","0.12%","499.52B","9.39K"
"윤성에프앤씨","372170","66.10K","5.76%","498.69B","37.76K"
"티앤엘","340570","60.40K","-1.15%","493.20B","114.54K"
"웹젠","069080","16.78K","0.48%","492.10B","20.17K"
"한글과컴퓨터","030520","22.15K","7.79%","490.65B","2.05M"
"칩스앤미디어","094360","23.45K","0.86%","484.14B","194.25K"
"큐렉소","060280","12.07K","3.78%","477.82B","144.31K"
"탑머티리얼","360070","59.60K","1.53%","472.46B","29.21K"
"툴젠","199800","60.60K","2.54%","468.53B","37.51K"
"에코마케팅","230360","14.88K","1.92%","468.19B","264.63K"
"서부T&D","006730","7.26K","0.28%","466.98B","58.13K"
"에코앤드림","101360","43.05K","3.61%","466.55B","885.70K"
"신라젠","215600","4.52K","0.11%","464.11B","399.26K"
"유바이오로직스","206650","12.69K","1.12%","457.51B","282.07K"
"펩트론","087010","26.85K","21.22%","456.88B","1.55M"
"엘앤씨바이오","290650","20.25K","0.75%","455.97B","56.58K"
"티이엠씨","425040","21.85K","1.86%","455.86B","324.75K"
"원익머트리얼즈","104830","35.85K","-0.28%","453.26B","38.39K"
"AP시스템","265520","32.85K","8.96%","452.86B","3.48M"
"네오셈","253590","12.25K","12.18%","451.21B","3.65M"
"다우데이타","032190","11.52K","0.52%","438.92B","31.06K"
"신흥에스이씨","243840","56.20K","0.00%","437.45B","0.00"
"바텍","043150","29.85K","1.53%","436.72B","9.98K"
"컴투스","078340","38.65K","1.05%","436.62B","22.89K"
"셀바스AI","108860","16.30K","0.56%","436.28B","132.45K"
"다원시스","068240","12.83K","0.94%","435.49B","112.45K"
"젬백스","082270","11.11K","0.63%","435.17B","27.11K"
"에스피소프트","443670","21.15K","3.17%","434.54B","9.19M"
"유티아이","179900","27.45K","0.00%","434.30B","82.45K"
"에이치엘비제약","047920","31.45K","1.78%","433.91B","351.39K"
"콜마비앤에이치","200130","15.36K","4.35%","426.72B","68.88K"
"GST","083450","48.20K","1.90%","426.29B","594.45K"
"샘씨엔에스","252990","8.59K","6.97%","424.78B","14.44M"
"인텍플러스","064290","34.75K","1.76%","422.31B","156.61K"
"쎄트렉아이","099320","39.80K","3.65%","420.53B","53.78K"
"인탑스","049070","26.25K","0.57%","420.14B","121.47K"
"파트론","091700","8.00K","1.27%","418.80B","212.30K"
"미래나노텍","095500","15.63K","2.96%","418.47B","228.66K"
"케이아이엔엑스","093320","92.10K","6.47%","418.39B","20.54K"
"월덱스","101160","25.10K","-0.59%","416.90B","229.34K"
"KG ETS","151860","8.46K","0.71%","416.67B","99.39K"
"PHC","057880","1.74K","0.00%","414.62B","0.00"
"네패스","033640","18.54K","1.87%","413.86B","302.35K"
"웰크론강원","114190","16.10K","2.16%","411.70B","66.62K"
"큐로셀","372320","31.80K","5.30%","411.10B","142.37K"
"아이패밀리에스씨","114840","24.75K","3.99%","409.41B","252.13K"
"소룩스","290690","2.79K","0.00%","407.98B","0.00"
"코스메카코리아","241710","39.05K","2.90%","405.31B","172.94K"
"한국비엔씨","256840","6.39K","4.93%","404.16B","1.75M"
"아이티엠반도체","084850","18.96K","-2.22%","403.89B","22.34K"
"이엔에프테크놀로지","102710","27.70K","-1.42%","401.49B","168.34K"
"네오위즈","095660","19.99K","1.52%","401.45B","40.54K"
"하나기술","299030","52.20K","3.98%","400.84B","40.78K"
"휴온스","243070","33.95K","1.19%","398.36B","13.99K"
"비츠로셀","082920","18.09K","1.06%","398.20B","44.64K"
"중앙디앤엠","051980","5.14K","2.19%","393.73B","1.56M"
"네패스아크","330860","33.30K","3.58%","391.72B","600.11K"
"NHN한국사이버결제","060250","11.70K","0.95%","391.35B","277.31K"
"티에프이","425420","39.40K","15.20%","389.23B","285.14K"
"켐트로닉스","089010","26.50K","0.76%","387.63B","619.74K"
"바이넥스","053030","14.60K","16.71%","386.87B","2.37M"
"RFHIC","218410","15.18K","1.74%","386.42B","69.66K"
"동국산업","005160","7.73K","3.48%","384.89B","462.68K"
"글로벌텍스프리","204620","6.96K","3.11%","383.31B","1.27M"
"카페24","042000","15.86K","0.13%","382.98B","143.17K"
"동운아나텍","094170","20.20K","0.00%","382.85B","126.29K"
"예스티","122640","21.65K","4.34%","379.12B","258.46K"
"박셀바이오","323990","16.79K","2.25%","377.55B","87.25K"
"프로텍","053610","41.85K","0.12%","376.20B","38.52K"
"현대무벡스","319400","2.90K","2.30%","374.84B","144.00K"
"아미코젠","092040","7.32K","6.71%","374.76B","1.05M"
"HB솔루션","297890","5.78K","7.04%","373.91B","3.71M"
"한국기업평가","034950","84.00K","0.24%","373.82B","2.52K"
"세경하이테크","148150","10.41K","-1.33%","372.97B","763.66K"
"퀄리타스반도체","432720","35.25K","3.68%","370.87B","112.69K"
"태웅","044490","19.27K","4.11%","370.34B","122.14K"
"HLB Innovation","024850","5.15K","1.58%","366.92B","352.67K"
"바이오플러스","099430","6.50K","1.40%","366.57B","90.71K"
"한양이엔지","045100","20.70K","-3.94%","365.01B","414.59K"
"Samhyun","437730","34.85K","1.31%","363.58B","59.28K"
"텔레칩스","054450","25.40K","3.25%","363.13B","134.30K"
"큐리옥스바이오시스템즈","445680","48.70K","9.07%","358.20B","297.82K"
"동성화인텍","033500","12.98K","5.36%","357.69B","788.69K"
"에스에이엠티","031330","3.58K","-0.97%","354.74B","666.99K"
"인바디","041830","27.65K","1.84%","353.68B","15.17K"
"위지윅스튜디오","299900","2.08K","0.00%","352.42B","410.54K"
"유니셈","036200","11.71K","0.09%","349.65B","5.57M"
"뷰노","338220","26.95K","5.89%","349.05B","164.54K"
"제이브이엠","054950","30.70K","1.32%","348.99B","144.12K"
"HB테크놀러지","078150","3.92K","0.38%","346.53B","22.11M"
"에이피티씨","089970","16.48K","4.50%","344.74B","391.35K"
"상아프론테크","089980","22.10K","0.00%","344.55B","100.17K"
"엘오티베큠","083310","21.10K","0.24%","343.96B","215.53K"
"미코","059090","11.59K","6.33%","343.31B","279.80K"
"선익시스템","171090","42.90K","9.44%","343.21B","759.92K"
"에스바이오메딕스","304360","39.00K","30.00%","341.97B","2.13M"
"휴메딕스","200670","33.55K","1.98%","341.49B","146.16K"
"아이원스","114810","12.36K","1.31%","336.66B","150.77K"
"한양디지텍","078350","23.05K","2.44%","336.25B","439.90K"
"메드팩토","235980","9.65K","-3.21%","334.80B","640.39K"
"쏠리드","050890","5.60K","2.19%","333.48B","187.66K"
"위메이드맥스","101730","10.12K","0.60%","332.12B","56.45K"
"엘비세미콘","061970","7.60K","0.26%","331.89B","263.39K"
"코엔텍","029960","6.83K","0.59%","329.86B","22.09K"
"바디텍메드","206640","15.17K","2.15%","326.24B","69.72K"
"석경에이티","357550","59.70K","0.67%","323.48B","10.13K"
"뉴로메카","348340","32.00K","4.40%","322.80B","78.89K"
"티로보틱스","117730","18.39K","2.68%","319.46B","90.16K"
"HLB바이오스텝","278650","3.85K","3.63%","318.25B","590.68K"
"인터플렉스","051370","13.97K","2.49%","317.95B","183.09K"
"유니테스트","086390","16.39K","5.54%","315.77B","367.86K"
"KH바텍","060720","14.28K","1.28%","314.11B","86.78K"
"모트렉스","118990","12.72K","0.47%","313.90B","139.11K"
"하림","136480","2.99K","1.53%","312.72B","317.13K"
"폴라리스오피스","041020","6.41K","2.07%","312.01B","862.01K"
"와이씨켐","112290","31.15K","0.97%","311.91B","3.00M"
"Earth Aerospace Manufacturing Ind","263540","40.30K","0.00%","311.67B","0.00"
"인터로조","119610","24.90K","0.00%","311.49B","0.00"
"아주IB투자","027360","2.67K","2.29%","309.38B","351.68K"
"감성코퍼레이션","036620","3.75K","11.61%","306.49B","7.05M"
"한국정보통신","025770","8.68K","1.64%","305.32B","18.02K"
"비즈니스온","138580","14.05K","4.00%","303.48B","108.55K"
"삼표시멘트","038500","2.87K","1.42%","303.27B","41.41K"
"마녀공장","439090","19.06K","3.08%","302.83B","212.20K"
"유진로봇","056080","8.20K","1.74%","302.35B","81.67K"
"덕산하이메탈","077360","6.69K","0.60%","302.16B","65.48K"
"디오","039840","21.10K","1.69%","301.38B","20.42K"
"로보티즈","108490","24.10K","2.99%","301.37B","209.92K"
"KG이니시스","035600","11.32K","0.18%","300.79B","47.62K"
"펌텍코리아","251970","24.55K","1.24%","300.66B","29.16K"
"하이록코리아","013030","26.00K","6.56%","300.01B","55.31K"
"오로스테크놀로지","322310","32.70K","1.24%","299.36B","92.51K"
"디앤씨미디어","263720","24.75K","2.91%","298.97B","110.44K"
"에이프릴바이오","397030","14.70K","6.37%","298.82B","259.29K"
"싸이토젠","217330","12.74K","-3.92%","296.53B","58.12K"
"지엔원에너지","270520","2.25K","-0.66%","296.52B","1.09M"
"로보스타","090360","30.80K","2.16%","293.96B","65.89K"
"제넥신","095700","7.09K","0.71%","291.81B","58.88K"
"태광","023160","12.01K","6.76%","291.01B","196.50K"
"파워로직스","047310","8.24K","1.23%","290.88B","407.51K"
"미래에셋벤처투자","100790","5.48K","0.37%","290.04B","95.09K"
"코미팜","041960","4.11K","-0.61%","289.73B","67.77K"
"파인엠텍","441270","8.00K","2.30%","288.66B","131.90K"
"아이쓰리시스템","214430","41.45K","2.35%","287.82B","41.92K"
"QRT","405100","25.05K","7.05%","287.57B","267.12K"
"갤럭시아머니트리","094480","7.35K","0.41%","287.16B","90.57K"
"CMG제약","058820","2.10K","2.18%","286.12B","406.40K"
"성광벤드","014620","10.88K","7.19%","283.47B","312.08K"
"엑시콘","092870","29.00K","5.45%","283.26B","1.31M"
"매일유업","267980","39.35K","0.13%","282.19B","4.82K"
"톱텍","108230","7.78K","1.04%","280.55B","56.96K"
"솔트룩스 ","304100","23.75K","3.49%","277.55B","243.62K"
"넵튠","217270","6.19K","0.65%","275.36B","10.48K"
"BCNC","146320","21.50K","-0.69%","274.86B","54.34K"
"어보브반도체","102120","16.97K","1.92%","274.70B","706.51K"
"모두투어","080160","17.00K","9.32%","274.47B","350.19K"
"원익홀딩스","030530","3.62K","0.98%","273.45B","96.86K"
"인선이엔티","060150","6.21K","1.97%","272.97B","37.28K"
"CJ프레시웨이","051500","23.10K","0.87%","271.86B","9.68K"
"비나텍","126340","47.75K","3.92%","271.85B","50.34K"
"신성에스티","416180","30.75K","1.82%","271.77B","54.65K"
"삼목에스폼","018310","20.05K","5.47%","271.74B","45.90K"
"잉글우드랩","950140","14.09K","3.07%","271.59B","340.97K"
"미래반도체","254490","19.14K","1.75%","271.58B","48.31K"
"에이스침대","003800","25.95K","1.37%","270.26B","2.36K"
"서희건설","035890","1.38K","1.40%","269.81B","170.78K"
"스튜디오미르","408900","8.23K","-3.63%","269.32B","523.01K"
"아나패스","123860","22.10K","-0.45%","269.14B","45.24K"
"국전약품","307750","5.60K","2.56%","267.92B","73.15K"
"하이비젼시스템","126700","21.35K","2.40%","267.69B","126.48K"
"티엘비","356860","28.40K","3.84%","267.28B","929.40K"
"코난테크놀로지","402030","23.70K","1.50%","266.70B","41.31K"
"하이드로리튬","101670","5.59K","2.57%","264.76B","543.48K"
"코아스템","166480","12.78K","3.90%","263.34B","859.10K"
"슈어소프트테크","298830","5.08K","0.79%","263.05B","238.76K"
"에코아이","448280","27.45K","3.98%","260.75B","40.15K"
"휴온스","084110","21.15K","-0.24%","259.66B","17.34K"
"다날","064260","4.00K","3.35%","258.82B","2.23M"
"제테마","216080","14.58K","0.69%","258.59B","56.17K"
"에브리봇","270660","22.25K","4.95%","258.46B","162.06K"
"디엔에프","092070","22.70K","1.79%","258.05B","98.85K"
"JTC","950170","5.13K","0.20%","257.48B","83.62K"
"비덴트","121800","3.32K","0.00%","256.30B","0.00"
"케이엔솔","053080","19.89K","1.79%","253.21B","208.27K"
"뷰웍스","100120","27.30K","-0.73%","252.50B","8.06K"
"코오롱생명과학","102940","22.00K","0.46%","249.93B","7.68K"
"엠케이전자","033160","11.95K","1.27%","249.42B","65.92K"
"프레스티지바이오로직스","334970","4.15K","1.97%","249.24B","65.72K"
"케이티알파","036030","5.08K","0.40%","248.04B","18.91K"
"새로닉스","042600","21.05K","4.21%","247.08B","13.75K"
"바이오다인","314930","8.63K","4.10%","246.74B","37.61K"
"나노팀","417010","12.91K","3.45%","246.16B","31.82K"
"셀리버리","268600","6.68K","0.00%","245.77B","0.00"
"이트론","096040","271.00","0.00%","245.56B","0.00"
"대명에너지","389260","14.80K","3.79%","243.13B","83.21K"
"AP위성","211270","16.65K","3.54%","242.52B","204.22K"
"비에이치아이","083650","8.20K","4.99%","241.66B","453.88K"
"인카금융서비스","211050","24.50K","0.00%","241.60B","0.00"
"크리스탈지노믹스","083790","3.18K","1.27%","240.39B","47.88K"
"젬백스링크","064800","2.18K","-7.82%","240.29B","1.86M"
"지티지웰니스","219750","2.85K","0.00%","239.58B","0.00"
"이스트소프트","047560","24.00K","-1.64%","239.53B","180.44K"
"토비스","051360","16.11K","3.47%","239.36B","59.39K"
"컨텍","451760","16.95K","3.67%","238.54B","146.33K"
"디이엔티","079810","11.08K","1.56%","238.41B","99.16K"
"앱클론","174900","15.24K","5.47%","237.32B","122.68K"
"알멕","354320","36.90K","-0.54%","237.12B","57.46K"
"동원개발","013120","2.62K","0.38%","236.56B","49.48K"
"유일로보틱스","388720","25.65K","-3.02%","236.41B","83.23K"
"코나아이","052400","17.94K","1.93%","235.96B","22.24K"
"코윈테크","282880","23.00K","4.55%","235.04B","66.77K"
"유비케어","032620","4.74K","2.27%","234.94B","120.78K"
"코세스","089890","14.76K","4.46%","234.35B","187.10K"
"나무가","190510","14.52K","0.97%","233.80B","61.22K"
"유진기업","023410","3.43K","1.03%","232.69B","144.79K"
"케이알엠","093640","8.11K","2.01%","232.25B","19.73K"
"우진엔텍","457550","25.55K","2.00%","232.25B","586.85K"
"가비아","079940","18.35K","3.67%","231.51B","34.86K"
"LS마린솔루션","060370","9.97K","5.95%","231.41B","187.42K"
"인트로메딕","150840","5.84K","0.00%","230.72B","0.00"
"뉴파워프라즈마","144960","5.76K","1.05%","230.65B","202.82K"
" 올릭스","226950","14.64K","5.02%","230.38B","34.21K"
"미래컴퍼니","049950","29.35K","1.38%","229.48B","65.79K"
"원준","382840","15.69K","3.98%","229.21B","27.94K"
"와이솔","122990","8.32K","0.60%","228.84B","35.90K"
"엠아이텍","179290","7.14K","1.42%","227.84B","101.14K"
"휴마시스","205470","1.80K","0.56%","227.71B","503.91K"
"큐라클","365270","17.04K","3.90%","227.23B","458.76K"
"인트론바이오","048530","6.98K","2.05%","227.03B","80.25K"
"메디포스트","078160","6.73K","1.36%","226.42B","31.65K"
"에이팩트","200470","5.82K","8.99%","226.21B","4.07M"
"포인트모바일","318020","18.10K","0.00%","225.59B","0.00"
"시너지이노베이션","048870","2.82K","3.49%","225.38B","165.89K"
"이수앱지스","086890","6.76K","4.48%","224.96B","115.18K"
"원익피앤이","217820","5.22K","1.56%","224.83B","68.52K"
"아바코","083930","15.86K","2.12%","223.74B","32.63K"
"나스미디어","089600","19.52K","-0.51%","221.83B","65.50K"
"쇼박스","086980","3.62K","2.40%","221.03B","162.57K"
"흥구석유","024060","14.21K","-6.51%","221.02B","2.05M"
"이베스트투자증권","078020","4.43K","1.14%","220.78B","34.00K"
"GRT","900290","3.25K","-0.92%","220.65B","229.66K"
"해성산업","034810","7.49K","0.94%","219.89B","14.18K"
"해성산업1우","03481K","8.42K","-0.82%","219.89B","1.26K"
"오상헬스케어","036220","16.20K","1.19%","217.80B","22.17K"
"그린리소스","402490","30.20K","14.83%","217.39B","3.98M"
"씨에스베어링","297090","8.03K","1.01%","216.80B","86.25K"
"와이랩","432430","13.67K","1.26%","216.20B","161.70K"
"엑세스바이오","950130","6.56K","2.82%","215.72B","92.08K"
"비츠로테크","042370","8.44K","3.18%","214.32B","400.06K"
"디와이피엔에프","104460","23.55K","6.32%","214.10B","102.63K"
"샌즈랩","411080","14.19K","0.07%","214.05B","4.51M"
"사피엔반도체","452430","27.55K","0.55%","213.74B","323.20K"
"대아티아이","045390","3.05K","1.33%","212.12B","153.71K"
"퓨릿","445180","12.83K","1.50%","211.96B","279.52K"
"한일사료","005860","5.38K","0.37%","211.20B","1.34M"
"레이","228670","13.99K","1.30%","211.07B","81.74K"
"한국알콜","017890","10.22K","0.59%","209.10B","12.72K"
"더네이쳐","298540","14.50K","2.69%","208.29B","57.32K"
"에스티큐브","052020","4.58K","3.27%","208.02B","181.79K"
"이노와이어리스","073490","27.50K","0.55%","207.97B","36.28K"
"헬릭스미스","084990","4.44K","4.72%","207.84B","104.35K"
"그래디언트","035080","15.57K","2.64%","207.54B","19.55K"
"BGF에코머티리얼즈","126600","3.94K","1.42%","206.65B","44.94K"
"상신이디피","091580","16.04K","1.58%","206.18B","71.83K"
"유비쿼스홀딩스","078070","12.38K","-0.16%","204.76B","1.85K"
"좋은사람들","033340","1.05K","0.00%","204.57B","0.00"
"피에이치에이","043370","10.44K","-0.19%","204.32B","17.53K"
"새빗켐","107600","44.60K","6.19%","204.18B","17.22K"
"드림어스컴퍼니","060570","2.77K","2.59%","204.18B","24.86K"
"코리아에프티","123410","7.39K","0.82%","204.07B","2.64M"
"어반리튬","073570","5.88K","3.70%","203.95B","573.38K"
"아스트","067390","1.01K","-7.00%","203.59B","340.42K"
"엠에스오토텍","123040","4.46K","0.68%","201.98B","114.55K"
"멀티캠퍼스","067280","34.05K","0.00%","201.81B","6.96K"
"우리기술","032820","1.35K","3.54%","200.11B","1.58M"
"큐브엔터","182360","15.06K","2.80%","200.00B","44.62K"
"미스터블루","207760","2.58K","3.19%","199.95B","435.95K"
"한국파마","032300","18.80K","2.79%","199.48B","30.84K"
"에스와이","109610","4.34K","4.07%","199.31B","455.86K"
"싸이맥스","160980","20.50K","5.24%","199.09B","453.81K"
"자이언트스텝","289220","9.16K","2.00%","198.65B","35.88K"
"컴투스홀딩스","063080","30.90K","2.49%","198.49B","13.10K"
"보광산업","225530","5.49K","0.55%","198.41B","11.41K"
"나이스정보통신","036800","22.50K","2.04%","197.46B","10.49K"
"이지홀딩스","035810","3.14K","3.63%","197.36B","174.14K"
"KX","122450","4.72K","0.53%","194.93B","6.09K"
"이랜텍","054210","7.91K","1.54%","193.87B","24.89K"
"진성티이씨","036890","9.93K","2.48%","193.66B","42.91K"
"이랜시스","264850","6.68K","4.05%","193.20B","445.85K"
"마크로젠","038290","19.70K","1.81%","193.09B","33.20K"
"와이엠티","251370","12.32K","4.41%","192.51B","52.47K"
"퓨쳐켐","220100","9.77K","12.17%","192.46B","303.12K"
"사람인에이치알","143240","17.73K","0.45%","191.61B","6.94K"
"아이디스","143160","18.53K","0.05%","191.38B","20.62K"
"랩지노믹스","084650","2.69K","4.67%","190.80B","652.49K"
"스마트레이더시스템","424960","12.80K","4.75%","188.96B","1.03M"
"한국정보인증","053300","4.76K","1.93%","188.90B","26.21K"
"에코플라스틱","038110","4.62K","-1.70%","188.84B","697.27K"
"씨티씨바이오","060590","8.02K","1.65%","188.64B","37.25K"
"휴림로봇","090710","2.71K","1.88%","187.91B","181.53K"
"노바텍","285490","19.24K","4.00%","187.35B","53.61K"
"카나리아바이오","016790","994.00","0.00%","187.34B","0.00"
"씨씨에스","066790","3.67K","0.96%","186.94B","6.54M"
"영풍정밀","036560","11.84K","0.08%","186.32B","29.96K"
"한국캐피탈","023760","597.00","0.67%","185.38B","95.94K"
"와이지-원","019210","5.64K","2.17%","185.33B","50.72K"
"쿠콘","294570","18.43K","0.71%","184.31B","13.70K"
"뉴프렉스","085670","7.53K","1.21%","181.91B","617.80K"
"IMT","451220","23.30K","0.87%","181.90B","437.89K"
"넥스트칩","396270","10.31K","2.59%","181.41B","90.33K"
"엘앤케이바이오","156100","8.76K","-3.63%","181.22B","84.13K"
"슈피겐코리아","192440","30.65K","2.00%","181.20B","2.63K"
"켐트로스","220260","6.89K","1.03%","181.13B","100.64K"
"알서포트","131370","3.55K","2.31%","180.74B","73.81K"
"펨트론","168360","8.67K","2.12%","180.74B","267.78K"
"녹십자웰빙","234690","10.22K","0.39%","180.72B","54.31K"
"네오팜","092730","23.50K","1.73%","180.66B","11.94K"
"동구바이오제약","006620","6.87K","5.21%","180.28B","861.97K"
"워트","396470","11.41K","2.15%","180.06B","1.35M"
"타이거일렉","219130","30.95K","8.60%","179.96B","176.48K"
"퓨런티어","370090","22.15K","1.14%","179.18B","27.10K"
"디지털대성","068930","6.82K","0.15%","178.45B","9.13K"
"덱스터","206560","7.14K","0.85%","178.10B","61.04K"
"KG모빌리언스","046440","4.91K","2.40%","177.91B","38.78K"
"파로스아이바이오","388870","14.31K","4.38%","177.12B","218.44K"
"파나진","046210","4.43K","3.14%","176.36B","177.62K"
"대보마그네틱","290670","24.10K","2.12%","176.33B","17.30K"
"팜스토리","027710","1.59K","0.13%","176.08B","215.60K"
"에치에프알","230240","13.55K","1.12%","175.86B","47.20K"
"유일에너테크","340930","5.11K","-0.78%","175.64B","82.45K"
"테고사이언스","191420","22.00K","0.46%","175.34B","18.35K"
"상상인","038540","3.25K","1.88%","174.84B","18.64K"
"한스바이오메드","042520","13.38K","-0.37%","174.42B","18.96K"
"대양제지","006580","9.15K","0.00%","174.06B","0.00"
"엔케이맥스","182400","2.02K","0.00%","172.74B","0.00"
"폰드그룹","472850","5.58K","4.49%","172.72B","64.96K"
"나이벡","138610","17.44K","3.44%","172.49B","31.30K"
"파세코","037070","9.40K","0.64%","171.78B","22.21K"
"율호","072770","2.51K","1.21%","171.42B","567.34K"
"모다이노칩","080420","2.15K","0.00%","171.40B","1.69K"
"아이텍반도체","119830","8.31K","3.49%","170.97B","208.84K"
"와이더플래닛","321820","12.99K","2.12%","170.02B","62.51K"
"피엔에이치테크","239890","16.51K","-3.51%","170.00B","102.00K"
"조이시티","067000","2.50K","2.89%","169.52B","114.14K"
"티앤알바이오팹","246710","7.98K","1.40%","169.39B","13.67K"
"풍원정밀","371950","8.13K","0.99%","169.38B","400.41K"
"유비쿼스","264450","16.50K","-0.06%","169.16B","27.22K"
"지니뮤직","043610","2.98K","2.41%","168.69B","28.87K"
"엔바이오니아","317870","19.75K","0.41%","167.33B","9.00K"
"티움바이오","321550","6.82K","4.60%","167.32B","108.50K"
"노바렉스","194700","9.56K","1.16%","167.29B","87.99K"
"경동제약","011040","6.24K","1.30%","167.14B","24.57K"
"일진파워","094820","11.58K","4.70%","166.77B","154.31K"
"로체시스템즈","071280","10.69K","-4.30%","166.61B","157.63K"
"동신건설","025950","19.68K","-0.56%","166.24B","45.59K"
"크리스에프앤씨","110790","7.94K","-0.25%","166.19B","2.45K"
"에스비비테크","389500","26.95K","0.19%","166.10B","32.27K"
"삼기이브이","419050","3.01K","3.79%","165.87B","312.68K"
"아바텍","149950","12.25K","0.49%","165.83B","9.61K"
"한국전자금융","063570","5.58K","2.20%","165.60B","34.00K"
"대화제약","067080","10.29K","9.00%","165.36B","4.06M"
"코아시아","045970","6.98K","-0.99%","165.08B","188.83K"
"지오엘리먼트","311320","13.30K","1.76%","164.87B","60.77K"
"드림시큐리티","203650","3.31K","1.54%","164.72B","153.93K"
"대한약품","023910","28.15K","0.72%","164.35B","11.38K"
"코웰패션","033290","3.21K","5.07%","163.11B","702.02K"
"헥토이노베이션","214180","13.19K","0.08%","163.11B","7.33K"
"엑스게이트","356680","5.77K","1.05%","162.98B","230.42K"
"디에스케이","109740","6.57K","3.96%","162.49B","66.22K"
"엘비루셈","376190","6.67K","1.06%","162.36B","24.45K"
"코어라인소프트","384470","13.85K","9.14%","162.33B","455.09K"
"이녹스","088390","17.94K","3.76%","162.28B","26.05K"
"하이딥","365590","1.20K","0.25%","162.05B","213.14K"
"아모그린텍","125210","10.11K","2.95%","162.00B","76.34K"
"삼보판지","023600","10.28K","0.78%","161.11B","12.41K"
"동국S&C","100130","2.92K","1.57%","160.23B","34.83K"
"엑셈","205100","2.32K","3.11%","160.12B","519.95K"
"이에이트","418620","16.86K","1.69%","159.96B","83.22K"
"금화피에스시","036190","27.10K","0.18%","159.75B","3.40K"
"라온텍","418420","5.56K","2.96%","159.55B","65.13K"
"Hanwool Materials Science","091440","11.21K","-1.15%","159.35B","71.11K"
"딥노이드","315640","7.85K","10.56%","159.19B","424.93K"
"에이프로","262260","11.27K","1.99%","159.17B","22.23K"
"고려신용정보","049720","11.22K","-1.58%","158.68B","82.23K"
"케이에스피","073010","4.10K","3.54%","158.67B","681.47K"
"SM C&C","048550","1.67K","0.91%","158.44B","92.58K"
"알에스오토메이션","140670","17.58K","2.39%","158.08B","179.10K"
"제이스텍","090470","9.10K","-0.11%","158.06B","26.25K"
"디케이티","290550","8.65K","3.47%","157.96B","70.14K"
"신테카바이오","226330","10.78K","4.66%","157.16B","82.70K"
"지앤비에스엔지니어링","382800","5.23K","0.19%","157.14B","75.51K"
"제이아이테크","417500","4.96K","1.33%","156.80B","563.43K"
"골프존뉴딘홀딩스","121440","3.77K","0.67%","156.53B","23.79K"
"리파인","377450","9.92K","0.20%","156.53B","35.42K"
"이크레더블","092130","12.98K","0.15%","156.09B","1.64K"
"크레버스","096240","19.02K","1.66%","155.96B","55.62K"
"지투파워","388050","8.73K","4.80%","155.85B","759.92K"
"이닉스","452400","17.74K","3.38%","155.67B","29.16K"
"아가방컴퍼니","013990","4.72K","-0.32%","154.40B","363.14K"
"동양이엔피","079960","20.05K","2.09%","154.37B","22.78K"
"YTN","040300","3.82K","4.23%","153.93B","427.59K"
"아비코전자","036010","11.73K","1.38%","153.80B","62.61K"
"에이치피오","357230","3.93K","1.81%","153.63B","27.87K"
"청담글로벌","362320","7.71K","1.18%","153.35B","85.19K"
"슈프리마","236200","23.25K","4.97%","152.82B","60.38K"
"에이엘티","172670","23.00K","0.66%","152.39B","290.30K"
"서울옥션","063170","9.05K","0.00%","152.38B","41.83K"
"아스플로","159010","11.68K","0.78%","152.29B","42.06K"
"제이엘케이","322510","10.20K","6.36%","152.13B","151.03K"
"퀀타피아","078940","2.85K","0.00%","151.58B","0.00"
"도이치모터스","067990","5.08K","1.20%","151.50B","90.12K"
"아진산업","013310","3.90K","0.64%","150.56B","95.02K"
"Nokwon Commercials Industries","065560","5.77K","0.00%","150.31B","0.00"
"케이엔제이","272110","19.36K","3.14%","149.70B","166.99K"
"JNB","452160","16.84K","3.89%","149.35B","408.71K"
"범한퓨얼셀","382900","18.20K","4.60%","149.34B","24.90K"
"윈스","136540","12.23K","0.08%","148.72B","11.53K"
"금양그린파워","282720","13.03K","6.02%","148.30B","278.44K"
"티에스아이","277880","7.57K","3.56%","147.38B","63.85K"
"The Lamy","032860","3.64K","0.00%","147.03B","0.00"
"엔지켐생명과학","183490","1.76K","1.68%","146.99B","265.26K"
"팅크웨어","084730","14.34K","2.28%","146.92B","27.58K"
"플리토","300080","27.00K","1.31%","146.49B","64.27K"
"광무","029480","3.08K","1.15%","146.00B","369.67K"
"시그네틱스","033170","1.81K","6.40%","145.91B","3.04M"
"애니플러스","310200","3.30K","0.76%","145.69B","271.62K"
"씨싸이트","109670","25.30K","-0.39%","145.08B","388.38K"
"빅텍","065450","4.97K","-3.40%","144.99B","1.50M"
"아이씨디","040910","9.18K","2.68%","144.85B","257.79K"
"서울바이오시스","092190","3.25K","1.56%","144.73B","10.28K"
"바이오솔루션","086820","17.65K","-2.05%","144.59B","63.41K"
"켄코아에어로","274090","11.20K","0.45%","143.98B","23.94K"
"밀리의 서재","418470","17.32K","1.29%","143.44B","51.35K"
"양지사","030960","10.14K","-2.87%","143.40B","54.53K"
"제이씨케미칼","137950","6.69K","2.61%","143.20B","97.50K"
"DMS","068790","6.10K","0.33%","143.06B","26.30K"
"홈센타홀딩스","060560","1.14K","1.51%","142.81B","49.69K"
"엔젯","419080","13.64K","0.96%","142.10B","138.63K"
"스피어파워","203690","12.00K","4.62%","141.45B","63.76K"
"우주일렉트로","065680","18.35K","4.86%","140.67B","42.20K"
"브랜드엑스","337930","4.89K","1.87%","140.63B","153.14K"
"풍국주정","023900","11.38K","2.15%","140.36B","13.87K"
"한컴MDS","086960","1.61K","0.56%","140.20B","379.06K"
"위닉스","044340","8.99K","1.47%","140.06B","18.46K"
"에스코넥","096630","1.77K","-2.04%","139.78B","1.37M"
"비보존 헬스케어","082800","2.92K","-1.18%","139.73B","91.48K"
"에이스테크","088800","2.02K","0.75%","139.55B","363.80K"
"헥토파이낸셜","234340","17.47K","3.93%","139.53B","39.08K"
"케이프","064820","5.21K","4.20%","139.51B","196.62K"
"에이비프로바이오","195990","498.00","1.84%","139.21B","446.27K"
"3S","060310","2.87K","0.00%","139.06B","1.10M"
"브릿지바이오테라퓨틱스","288330","5.06K","-13.21%","138.56B","478.91K"
"이브이첨단소재","131400","2.40K","3.23%","138.24B","292.51K"
"다산네트웍스","039560","3.68K","3.08%","138.10B","113.45K"
"엘티씨","170920","15.76K","6.20%","137.67B","546.60K"
"고바이오랩","348150","7.50K","3.16%","137.64B","49.05K"
"안트로젠","065660","14.25K","0.92%","137.41B","21.99K"
"삼지전자","037460","8.90K","-0.22%","136.94B","25.84K"
"휴비츠","065510","12.62K","0.56%","136.52B","57.56K"
"라온피플","300120","6.77K","3.36%","136.27B","50.97K"
"야스","255440","11.17K","5.58%","136.11B","80.98K"
"제일전기공업","199820","15.92K","29.96%","136.10B","10.10M"
"티케이케미칼","104480","1.51K","1.34%","135.89B","129.03K"
"보성파워텍","006910","2.90K","4.51%","135.54B","261.40K"
"오리엔탈정공","014940","3.19K","7.39%","135.50B","253.38K"
"HBL Corp","452190","6.21K","2.14%","135.26B","622.97K"
"현대이지웰","090850","5.62K","-0.88%","134.64B","26.38K"
"덕우전자","263600","8.56K","1.54%","134.29B","125.14K"
"우리산업","215360","14.97K","2.04%","133.97B","80.17K"
"큐리언트","115180","4.51K","2.61%","133.92B","59.65K"
"덴티스","261200","8.89K","1.48%","133.83B","25.84K"
"리드코프","012700","5.17K","-0.19%","132.58B","12.44K"
"매커스","093520","13.11K","1.79%","132.54B","68.71K"
"레이언스","228850","8.45K","0.36%","132.50B","6.85K"
"에이비온","203400","6.06K","1.17%","131.94B","216.51K"
"초록뱀미디어","047820","5.40K","0.00%","131.87B","0.00"
"시스웍","269620","889.00","0.00%","131.66B","0.00"
"스맥","099440","3.53K","0.00%","131.62B","218.11K"
"하이로닉","149980","8.20K","2.76%","131.42B","232.46K"
"에이티넘인베스트","021080","2.83K","1.25%","131.35B","64.58K"
"코닉오토메이션","391710","3.25K","3.01%","130.94B","162.53K"
"라온시큐어","042510","2.37K","1.50%","130.82B","81.20K"
"블루엠텍","439580","12.37K","0.98%","130.82B","59.10K"
"마음AI","377480","21.35K","0.71%","130.72B","37.73K"
"한성크린텍","066980","2.67K","2.30%","130.58B","423.69K"
"브이원텍","251630","8.77K","2.57%","130.50B","37.19K"
"신스틸","162300","3.48K","9.59%","130.44B","17.88M"
"아미노로직스","074430","1.51K","1.89%","130.42B","145.88K"
"와이엠텍","273640","11.94K","0.42%","130.39B","10.87K"
"DXVX","180400","4.41K","2.09%","130.39B","33.74K"
"씨앤지하이테크","264660","14.34K","2.58%","130.25B","49.99K"
"압타바이오","293780","5.99K","2.74%","130.00B","41.60K"
"네오위즈홀딩스","042420","19.22K","0.10%","129.73B","13.73K"
"세종텔레콤","036630","619.00","0.00%","129.39B","276.46K"
"Ghost Studio DRC","950190","10.66K","-1.48%","129.30B","11.72K"
"강스템바이오텍","217730","2.60K","12.77%","129.22B","2.13M"
"SBI인베스트먼트","019550","834.00","4.25%","128.91B","369.05K"
"케이엔에스","432470","30.80K","3.70%","128.82B","15.79K"
"오이솔루션","138080","12.43K","1.06%","128.81B","19.94K"
"엘컴텍","037950","1.50K","-1.71%","128.55B","4.61M"
"이지바이오","353810","4.01K","6.78%","128.36B","468.63K"
"현대바이오랜드","052260","8.68K","1.52%","128.25B","40.10K"
"오킨스전자","080580","7.68K","4.35%","126.61B","177.49K"
"한국경제TV","039340","5.77K","0.00%","126.55B","7.86K"
"메가스터디","072870","11.05K","-0.27%","126.39B","7.60K"
"레드캡투어","038390","14.95K","0.95%","126.37B","2.20K"
"유비벨록스","089850","8.90K","2.65%","126.12B","33.65K"
"대원산업","005710","6.30K","0.16%","126.04B","3.25K"
"CJ 바이오사이언스","311690","14.50K","5.07%","125.75B","11.39K"
"지엔씨에너지","119850","8.00K","-5.44%","125.74B","1.75M"
"인피니트헬스케어","071200","5.20K","0.97%","125.54B","24.87K"
"농우바이오","054050","7.96K","1.79%","125.36B","13.09K"
"나인테크","267320","2.94K","1.73%","125.22B","188.03K"
"이루다","164060","6.42K","4.73%","124.96B","553.97K"
"Polaris AI","039980","1.74K","-1.25%","124.83B","1.65M"
"와이엔텍","067900","7.02K","1.89%","124.71B","55.25K"
"네온테크","306620","3.15K","0.96%","124.58B","665.95K"
"특수건설","026150","7.24K","1.97%","124.58B","18.22K"
"래몽래인","200350","13.06K","3.24%","124.33B","48.72K"
"코츠테크놀로지","448710","24.10K","-1.43%","124.25B","326.33K"
"베노홀딩스","206400","4.13K","2.23%","124.17B","25.97K"
"유니슨","018000","985.00","0.41%","123.99B","178.21K"
"코렌텍","104540","9.71K","0.10%","123.75B","20.79K"
"모베이스전자","012860","1.76K","3.23%","123.63B","165.38K"
"케이엔더블유","105330","7.71K","-0.90%","123.47B","19.59K"
"APS홀딩스","054620","7.27K","2.97%","123.39B","38.29K"
"비엠티","086670","13.53K","0.22%","123.19B","169.14K"
"테라젠이텍스","066700","3.90K","1.56%","122.90B","61.25K"
"S D","260970","29.90K","-1.16%","122.80B","47.21K"
"아이퀘스트","262840","3.35K","0.60%","122.78B","420.19K"
"그린플러스","186230","11.67K","2.55%","122.22B","124.78K"
"푸른저축은행","007330","9.62K","-6.24%","122.01B","287.93K"
"우리바이오","082850","2.60K","0.77%","121.98B","460.65K"
"바이오에프디엔씨","251120","13.74K","-1.86%","121.74B","10.87K"
"SBW생명과학","151910","640.00","0.00%","121.65B","0.00"
"서플러스글로벌","140070","3.62K","3.57%","121.38B","67.16K"
"엠투아이","347890","7.20K","0.42%","121.27B","13.27K"
"엠플러스","259630","10.21K","1.79%","121.08B","17.90K"
"오션브릿지","241790","12.63K","1.28%","121.07B","153.52K"
"세코닉스","053450","7.70K","-6.89%","120.98B","1.43M"
"휴센텍","215090","1.50K","0.00%","120.78B","0.00"
"IlWoul GML","178780","1.73K","0.00%","120.77B","0.00"
"차백신연구소","261780","4.98K","10.30%","120.70B","9.48M"
"아이티센","124500","5.08K","-3.05%","120.59B","795.70K"
"아이에이","038880","384.00","0.52%","120.46B","918.65K"
"웹케시","053580","9.27K","3.00%","120.45B","11.59K"
"태웅로직스","124560","3.33K","0.30%","120.07B","276.80K"
"크라우드웍스","355390","30.10K","3.44%","120.01B","29.70K"
"트루윈","105550","2.12K","1.19%","119.70B","81.34K"
"대양전기공업","108380","13.40K","4.20%","118.85B","40.25K"
"대원미디어","048910","10.00K","1.94%","118.55B","39.98K"
"셀바스헬스케어","208370","4.76K","3.14%","118.41B","90.65K"
"알에프텍","061040","3.83K","2.27%","117.69B","32.12K"
"대정화금","120240","16.54K","1.16%","117.56B","9.27K"
"심텍홀딩스","036710","2.56K","1.59%","116.77B","97.50K"
"Genohco","361390","16.30K","4.76%","116.71B","54.93K"
"데이타솔루션","263800","7.16K","0.00%","116.11B","701.02K"
"ITX엠투엠","099520","1.28K","0.00%","116.09B","0.00"
"라파스","214260","13.75K","1.78%","115.83B","19.12K"
"지어소프트","051160","7.22K","-3.48%","115.75B","109.69K"
"KNN","058400","882.00","0.92%","115.74B","113.50K"
"와이팜","332570","2.97K","1.89%","115.54B","80.08K"
"아모센스","357580","10.38K","0.87%","115.46B","24.20K"
"이엠코리아","095190","2.80K","3.51%","115.18B","259.85K"
"세운메디칼","100700","2.70K","1.50%","115.15B","17.25K"
"엔피","291230","2.71K","3.83%","115.06B","174.55K"
"솔본","035610","4.51K","1.01%","114.73B","32.93K"
"현대에버다임","041440","6.49K","0.93%","114.72B","76.48K"
"메디아나","041920","6.24K","1.30%","114.33B","30.17K"
"라온테크","232680","9.08K","-0.22%","114.06B","34.55K"
"공구우먼","366030","5.15K","2.18%","114.00B","47.07K"
"키이스트","054780","5.85K","0.52%","113.72B","17.18K"
"포인트엔지니어링","256630","2.02K","0.90%","113.66B","57.82K"
"예스24","053280","4.68K","3.42%","113.19B","38.79K"
"에이텍","045660","14.62K","0.48%","112.94B","192.06K"
"제너셈","217190","13.25K","3.52%","112.25B","217.26K"
"서남","294630","5.64K","2.73%","111.80B","5.88M"
"마이크로디지탈","305090","7.49K","4.90%","111.65B","108.52K"
"남화산업","111710","5.43K","0.18%","111.59B","3.51K"
"디바이스이엔지","187870","16.52K","0.49%","111.51B","14.85K"
"트루엔","417790","10.28K","1.48%","111.43B","19.44K"
"케이옥션","102370","4.33K","0.70%","111.32B","47.11K"
"이노시스","056090","1.18K","0.00%","110.70B","0.00"
"인크로스","216050","9.21K","0.44%","110.68B","76.31K"
"대한뉴팜","054670","7.89K","0.13%","110.60B","18.34K"
"크리스탈신소재","900250","1.19K","3.04%","110.37B","566.78K"
"삼보모터스","053700","5.02K","1.31%","110.14B","59.64K"
"케이피에스","256940","5.92K","1.20%","109.68B","10.55K"
"지아이텍","382480","2.82K","1.62%","109.22B","93.60K"
"우수AMS","066590","2.80K","0.18%","109.14B","32.89K"
"탑엔지니어링","065130","6.75K","0.30%","108.53B","84.60K"
"인화정공","101930","12.25K","2.68%","108.17B","14.40K"
"오성첨단소재","052420","1.35K","1.58%","108.14B","148.84K"
"유아이엘","049520","5.28K","2.72%","107.86B","48.93K"
"대봉엘에스","078140","9.98K","2.67%","107.76B","82.58K"
"디알젬","263690","9.82K","0.61%","107.52B","6.66K"
"에스트래픽","234300","3.98K","0.89%","107.47B","66.19K"
"이지케어텍","099750","15.97K","-0.13%","107.47B","5.12K"
"제로투세븐","159580","5.49K","1.48%","107.46B","53.90K"
"노랑풍선","104620","7.10K","4.87%","107.25B","89.01K"
"이오플로우","294090","3.56K","0.85%","107.22B","172.76K"
"아진엑스텍","059120","11.22K","2.37%","106.84B","111.73K"
"SCI평가정보","036120","2.97K","-3.73%","106.70B","409.87K"
"라이온켐텍","171120","3.01K","1.18%","106.64B","11.14K"
"인성정보","033230","2.82K","2.73%","106.53B","525.02K"
"바이오스마트","038460","5.31K","2.51%","106.43B","2.55M"
"메가터치","446540","5.58K","8.98%","106.35B","477.07K"
"이노메트리","302430","11.20K","3.04%","106.13B","16.15K"
"하이텍팜","106190","10.18K","2.00%","106.12B","33.33K"
"엔비티","236810","6.68K","1.67%","105.96B","56.34K"
"현대공업","170030","7.04K","0.14%","105.96B","55.69K"
"서원인텍","093920","5.71K","0.35%","105.83B","8.86K"
"유니트론텍","142210","5.80K","3.57%","105.82B","66.92K"
"대성창투","027830","1.98K","0.87%","105.79B","217.64K"
"아모텍","052710","7.32K","1.10%","105.79B","8.96K"
"센서뷰","321370","4.05K","0.25%","105.70B","125.44K"
"티에스넥스젠","043220","933.00","1.97%","105.65B","348.83K"
"코텍","052330","8.01K","4.03%","105.62B","75.50K"
"모비스","250060","3.38K","2.42%","105.57B","224.47K"
"엠벤처투자","019590","918.00","0.00%","104.96B","0.00"
"SV인베스트먼트","289080","2.04K","3.25%","104.92B","324.63K"
"알비더블유","361570","3.83K","5.51%","103.95B","62.75K"
"플래스크","041590","789.00","0.00%","103.92B","0.00"
"동아화성","041930","7.01K","1.59%","103.68B","14.28K"
"엠투엔","033310","2.65K","1.53%","103.51B","16.36K"
"지놈앤컴퍼니","314130","7.05K","2.17%","103.32B","33.53K"
"중앙에너비스","000440","22.60K","-3.00%","103.31B","218.60K"
"에스넷","038680","6.08K","7.23%","103.26B","282.32K"
"SAMG엔터","419530","13.27K","2.23%","103.12B","29.80K"
"우리손에프앤지","073560","1.50K","0.60%","103.03B","47.69K"
"화일약품","061250","1.58K","0.00%","102.72B","29.11K"
"엔브이에이치코리아","067570","2.46K","1.44%","102.45B","24.42K"
"중앙백신","072020","10.58K","-0.19%","102.38B","16.29K"
"정상제이엘에스","040420","6.86K","0.44%","102.03B","14.01K"
"부방","014470","2.01K","5.73%","102.02B","409.37K"
"캠시스","050110","1.40K","0.79%","101.88B","117.04K"
"옵트론텍","082210","4.11K","2.37%","101.62B","57.79K"
"하인크코리아","373200","1.38K","3.37%","100.99B","1.42M"
"상보","027580","1.79K","1.30%","100.93B","1.40M"
"에스엠코어","007820","5.33K","3.29%","100.90B","64.13K"
"에이테크솔루션","071670","10.18K","1.19%","100.60B","35.56K"
"한송네오텍","226440","1.53K","0.00%","100.58B","0.00"
"한라IMS","092460","6.39K","3.90%","100.51B","30.21K"
"인포마크","175140","4.75K","1.82%","100.48B","244.52K"
"엠게임","058630","5.34K","1.71%","100.34B","40.47K"
"위더스제약","330350","7.86K","3.42%","100.34B","32.25K"
"메쎄이상","408920","2.35K","0.00%","100.02B","19.98K"
"위메이드플레이","123420","9.60K","-0.10%","99.95B","44.82K"
"파이버프로","368770","3.15K","2.77%","99.78B","102.11K"
"지니언스","263860","11.55K","0.00%","99.62B","13.13K"
"블리츠웨이","369370","2.00K","0.00%","99.44B","6.11K"
"미래생명자원","218150","5.10K","0.00%","99.43B","291.05K"
"선광","003100","17.52K","1.86%","99.31B","8.59K"
"피제이전자","006140","6.64K","0.30%","99.30B","59.17K"
"포스뱅크","105760","11.19K","5.47%","99.26B","133.19K"
"포바이포","389140","9.45K","4.77%","99.19B","178.12K"
"지에스이","053050","3.47K","-3.07%","99.18B","869.48K"
"DSC인베스트먼트","241520","3.80K","1.60%","99.04B","87.29K"
"컴퍼니케이","307930","6.62K","4.42%","98.97B","183.33K"
"매일유업","005990","7.91K","0.13%","98.88B","1.49K"
"나우IB","293580","1.05K","0.10%","98.51B","200.77K"
"정다운","208140","2.98K","-0.83%","98.38B","111.69K"
"저스템","417840","13.93K","0.58%","98.23B","116.54K"
"에이스토리","241840","10.70K","1.13%","98.21B","5.88K"
"에스텍파마","041910","8.75K","4.17%","98.11B","68.26K"
"오파스넷","173130","7.64K","2.00%","97.72B","157.51K"
"엑스페릭스","317770","4.31K","0.82%","97.39B","110.48K"
"링네트","042500","7.04K","16.75%","97.03B","2.00M"
"버킷스튜디오","066410","1.15K","0.00%","96.98B","0.00"
"다보링크","340360","2.25K","0.67%","96.97B","397.95K"
"앤디포스","238090","4.16K","1.22%","96.75B","15.41K"
"삼양옵틱스","225190","9.61K","0.00%","96.63B","0.00"
"스톰테크","352090","7.44K","3.48%","96.61B","30.51K"
"씨엔알리서치","359090","1.67K","-5.18%","96.55B","8.51M"
"삼아제약","009300","15.75K","-0.19%","96.31B","34.82K"
"휴맥스","115160","2.29K","2.69%","96.16B","53.62K"
"액토즈소프트","052790","8.92K","1.36%","96.14B","8.81K"
"메타바이오메드","059210","4.29K","2.26%","95.94B","194.24K"
"옵티팜","153710","6.47K","-1.07%","95.94B","36.16K"
"진로발효","018120","14.48K","0.00%","95.83B","1.28K"
"세원","234100","1.77K","0.68%","95.81B","95.08K"
"비아트론","141000","8.50K","-1.73%","95.43B","31.56K"
"메카로","241770","9.79K","1.03%","95.42B","62.83K"
"맥스트","377030","5.00K","2.78%","95.11B","28.16K"
"한선엔지니어링","452280","5.84K","4.47%","95.04B","36.73K"
"제이엔케이히터","126880","4.13K","0.85%","94.99B","31.39K"
"대동기어","008830","10.75K","1.99%","94.73B","89.04K"
"뉴온","123840","350.00","3.86%","94.73B","233.45K"
"자이글","234920","7.23K","2.55%","94.65B","33.28K"
"비트컴퓨터","032850","5.97K","2.93%","94.55B","130.59K"
"센코","347000","2.91K","1.75%","94.39B","123.02K"
"소니드","060230","2.46K","3.14%","94.38B","145.31K"
"KCC건설","021320","4.43K","0.80%","94.05B","7.78K"
"LB인베스트먼트","309960","4.10K","0.24%","94.05B","19.29K"
"서호전기","065710","19.14K","0.37%","94.03B","1.91K"
"옵투스제약","131030","6.23K","7.23%","93.85B","1.82M"
"엠에스씨","009780","5.37K","0.75%","93.81B","19.44K"
"에스퓨얼셀","288620","13.92K","3.65%","93.73B","6.28K"
"선진 뷰티 사이언스","086710","7.90K","1.28%","93.68B","41.45K"
"해성티피씨","059270","8.12K","-6.34%","93.62B","498.20K"
"위지트","036090","802.00","1.26%","93.41B","1.59M"
"국보디자인","066620","14.23K","0.99%","93.13B","8.47K"
"토마토시스템","393210","6.74K","11.40%","92.91B","2.10M"
"세아메카닉스","396300","3.63K","3.71%","92.71B","106.08K"
"피제이메탈","128660","3.77K","0.94%","92.64B","2.10M"
"에프엔에스테크","083500","11.96K","3.37%","92.48B","195.48K"
"레이저옵텍","199550","8.37K","3.33%","92.28B","80.10K"
"팸텍","271830","3.31K","3.12%","92.17B","198.92K"
"일승","333430","3.19K","6.68%","92.03B","363.39K"
"본느","226340","2.68K","3.08%","92.01B","1.34M"
"모비데이즈","363260","585.00","2.27%","91.98B","68.37M"
"에스피시스템스","317830","9.20K","2.11%","91.64B","30.67K"
"나이스디앤비","130580","5.92K","0.00%","91.17B","1.03K"
"광림","014200","1.01K","0.00%","91.14B","0.00"
"세보엠이씨","011560","9.27K","1.98%","90.94B","16.69K"
"꿈비","407400","7.80K","1.30%","90.82B","44.22K"
"제이티","089790","10.09K","1.41%","90.76B","159.73K"
"비엘","142760","2.94K","6.14%","90.68B","466.41K"
"참좋은여행","094850","7.02K","3.69%","90.56B","35.36K"
"모델솔루션","417970","14.33K","1.34%","90.45B","5.85K"
"와이어블","065530","1.90K","0.58%","90.42B","29.07K"
"케이사인","192250","1.35K","4.08%","90.19B","592.15K"
"코리아나","027050","2.97K","0.85%","90.12B","1.54M"
"태성","323280","3.70K","3.79%","90.09B","153.91K"
"스코넥","276040","6.70K","-6.29%","89.76B","313.38K"
"소마젠","950200","4.72K","1.61%","89.45B","14.59K"
"코스맥스엔비티","222040","4.30K","-0.92%","89.21B","77.61K"
"바이젠셀","308080","4.65K","0.00%","89.12B","22.31K"
"링크제니시스","219420","8.01K","1.39%","88.91B","211.74K"
"가온미디어","078890","5.70K","2.33%","88.84B","86.50K"
"이삭엔지니어링","351330","11.05K","3.27%","88.69B","98.24K"
"와이엠씨","155650","4.93K","1.34%","88.59B","60.67K"
"로보로보","215100","4.39K","0.46%","88.42B","30.63K"
"코셈","360350","16.35K","4.81%","88.33B","172.88K"
"화인써키트","127980","7.82K","4.83%","88.32B","97.22K"
"서한","011370","890.00","0.79%","88.19B","80.17K"
"오비고","352910","7.25K","0.28%","88.17B","16.26K"
"파멥신","208340","2.92K","0.00%","88.01B","0.00"
"유니크","011320","4.56K","0.22%","87.91B","38.78K"
"씨앤투스성진","352700","3.26K","-1.66%","87.88B","54.65K"
"유니테크노","241690","3.67K","2.09%","87.85B","75.03K"
"유라테크","048430","7.73K","0.78%","87.84B","46.61K"
"ICH","368600","5.34K","4.71%","87.65B","78.06K"
"흥국에프엔비","189980","2.32K","2.43%","87.64B","98.51K"
"아셈스","136410","8.32K","2.72%","87.51B","17.57K"
"플레이디","237820","6.54K","-4.11%","87.48B","747.59K"
"CNT85","056730","1.19K","1.02%","87.45B","5.52K"
"핌스","347770","3.87K","1.05%","87.43B","52.83K"
"아톤","158430","4.04K","0.50%","87.34B","76.46K"
"홈캐스트","064240","2.58K","1.57%","87.28B","42.99K"
"한싹","430690","16.10K","0.50%","87.27B","184.57K"
"제이엠티","094970","5.22K","0.00%","87.24B","91.86K"
"JW신약","067290","1.82K","5.81%","87.19B","396.15K"
"레이저쎌","412350","10.15K","1.50%","87.06B","350.08K"
"수젠텍","253840","5.76K","1.05%","87.03B","33.04K"
"모아데이타","288980","2.62K","3.96%","86.85B","1.54M"
"지엘팜텍","204840","1.17K","3.63%","86.67B","165.73K"
"제노포커스","187420","3.88K","1.97%","86.48B","39.85K"
"오상자이엘","053980","4.62K","0.98%","86.42B","7.54K"
"오스테오닉","226400","4.45K","1.95%","86.34B","68.41K"
"HRS","036640","5.45K","1.11%","86.14B","24.91K"
"고려제약","014570","6.62K","1.38%","86.10B","11.69K"
"손오공","066910","2.60K","1.76%","86.06B","135.14K"
"영화테크","265560","8.15K","1.49%","85.84B","9.05K"
"티사이언티픽","057680","1.23K","-2.08%","85.70B","279.08K"
"바이오톡스텍","086040","5.48K","1.86%","85.69B","42.21K"
"리메드","302550","2.81K","0.90%","85.48B","32.19K"
"아이진","185490","3.19K","0.95%","85.41B","24.14K"
"엔젠바이오","354200","7.01K","5.89%","85.33B","502.66K"
"성호전자","043260","1.80K","2.27%","85.30B","1.42M"
"디알텍","214680","3.10K","3.69%","85.29B","407.29K"
"경남스틸","039240","3.19K","0.79%","85.26B","2.29M"
"에프앤가이드","064850","7.40K","-1.46%","85.24B","11.48K"
"애니젠","196300","14.39K","0.28%","85.20B","20.33K"
"Equipments Cell","160600","3.10K","0.00%","85.04B","0.00"
"나노엔텍","039860","3.25K","2.52%","84.98B","48.54K"
"NEW","160550","3.12K","2.30%","84.97B","32.01K"
"모바일어플라이언스","087260","2.60K","-0.19%","84.96B","1.99M"
"인벤티지랩","389470","10.42K","3.78%","84.87B","111.71K"
"티비씨","033830","897.00","0.00%","84.80B","79.61K"
"웨스트라이즈","064090","2.75K","-0.54%","84.61B","18.89K"
"안국약품","001540","7.62K","2.42%","84.56B","7.70K"
"위드텍","348350","8.35K","0.72%","84.42B","3.38K"
"대한광통신","010170","1.16K","2.92%","84.20B","362.24K"
"파이오링크","170790","13.14K","7.00%","84.20B","43.77K"
"신신제약","002800","5.56K","0.36%","84.04B","126.89K"
"녹십자엠에스","142280","4.03K","1.13%","83.98B","11.29K"
"에스엔유","080000","2.52K","2.86%","83.83B","27.27K"
"한국컴퓨터","054040","5.93K","0.00%","83.83B","72.78K"
"램테크놀러지","171010","5.87K","-0.51%","83.80B","569.27K"
"케이피에프","024880","4.41K","1.97%","83.69B","42.33K"
"윈팩","097800","1.37K","-2.42%","83.66B","1.35M"
"국순당","043650","5.28K","-0.19%","83.27B","920.32K"
"제노레이","122310","6.13K","0.66%","83.17B","22.65K"
"P&K 스킨리서치","347740","2.80K","1.08%","83.13B","54.51K"
"내츄럴엔도텍","168330","2.52K","-4.18%","83.04B","132.76K"
"자연과환경","043910","1.03K","1.28%","82.94B","158.40K"
"베뉴지","019010","2.06K","0.00%","82.61B","6.34K"
"라이트론","069540","3.08K","7.12%","82.44B","4.40M"
"씨티케이코스메틱스","260930","4.45K","1.72%","82.35B","12.85K"
"알피바이오","314140","9.61K","1.16%","82.33B","10.32K"
"파라텍","033540","2.21K","-0.90%","82.31B","136.62K"
"에코바이오","038870","5.92K","0.85%","82.25B","231.17K"
"액션스퀘어","205500","1.59K","0.19%","82.25B","7.72K"
"TechL","064520","3.60K","-3.49%","82.06B","47.98K"
"핸디소프트","220180","4.09K","-2.85%","81.80B","3.66M"
"스톤브릿지벤처스","330730","4.58K","1.89%","81.68B","130.84K"
"큐에스아이","066310","9.09K","1.56%","81.66B","10.99K"
"빅솔론","093190","5.23K","0.58%","81.57B","8.57K"
"시공테크","020710","4.30K","0.12%","81.50B","8.99K"
"세토피아","222810","1.08K","0.00%","81.19B","0.00"
"레몬","294140","1.93K","0.00%","81.06B","0.00"
"희림","037440","6.44K","0.31%","81.05B","43.36K"
"TJ미디어","032540","5.75K","-1.03%","80.94B","18.04K"
"아이디스홀딩스","054800","10.27K","0.69%","80.80B","1.15K"
"디케이락","105740","8.10K","1.89%","80.74B","28.39K"
"인지디스플레","037330","1.87K","0.37%","80.64B","36.36K"
"금강철강","053260","5.11K","2.71%","80.61B","2.99M"
"대성하이텍","129920","5.57K","-5.11%","80.51B","392.10K"
"메디프론","065650","1.29K","0.94%","80.46B","635.60K"
"마이크로투나노","424980","14.50K","6.70%","80.44B","113.35K"
"이노뎁","303530","11.40K","4.01%","80.44B","33.13K"
"J2KBio","420570","13.65K","-5.27%","80.32B","432.09K"
"SBI핀테크솔루션즈","950110","3.48K","-0.29%","80.30B","2.05K"
"경창산업","024910","2.29K","1.33%","80.24B","145.12K"
"이화전기","024810","901.00","0.00%","80.18B","0.00"
"오르비텍","046120","2.92K","-2.50%","80.09B","724.48K"
"케이씨에스","115500","6.90K","1.32%","79.83B","17.84K"
"덕신하우징","090410","1.77K","2.49%","79.63B","193.15K"
"노을","376930","2.21K","2.55%","79.62B","187.94K"
"유틸렉스","263050","2.21K","2.31%","79.58B","96.02K"
"NPX Inc","222160","8.04K","0.00%","79.55B","0.00"
"쎌바이오텍","049960","11.65K","0.43%","79.39B","13.99K"
"오리콤","010470","7.07K","3.51%","79.26B","56.78K"
"엔시스","333620","8.04K","4.96%","79.14B","143.59K"
"엠젠솔루션","032790","2.31K","21.70%","79.09B","10.98M"
"이라이콤","041520","6.88K","1.78%","79.08B","24.02K"
"미투온","201490","2.53K","0.40%","78.77B","170.06K"
"유신","054930","27.15K","3.43%","78.75B","12.92K"
"KCI","036670","7.28K","1.11%","78.67B","3.90K"
"아이엠","101390","8.93K","2.76%","78.38B","166.10K"
"네오오토","212560","10.07K","1.21%","78.36B","32.28K"
"아이비김영","339950","1.85K","2.09%","78.25B","107.36K"
"알체라","347860","3.73K","3.04%","77.95B","78.18K"
"마이크로컨텍솔","098120","9.98K","6.51%","77.89B","110.94K"
"신일제약","012790","6.93K","1.32%","77.81B","15.76K"
"셀루메드","049180","1.65K","2.48%","77.72B","47.98K"
"DT CRO","383930","6.43K","5.41%","77.66B","290.29K"
"한국선재","025550","3.54K","1.00%","77.65B","51.73K"
"러셀","217500","2.73K","2.06%","77.60B","33.27K"
"모니터랩","434480","6.70K","0.90%","77.56B","332.35K"
"동일금속","109860","9.21K","0.66%","77.40B","9.27K"
"알리코제약","260660","5.03K","-0.20%","77.25B","10.14K"
"티라유텍","322180","4.75K","1.50%","77.23B","20.95K"
"텔콘RF제약","200230","696.00","0.87%","77.20B","158.84K"
"아스타","246720","5.83K","0.17%","76.85B","7.31K"
"삼현철강","017480","5.03K","1.11%","76.83B","208.75K"
"이엠넷","123570","3.59K","0.00%","76.66B","446.73K"
"뉴트리","270870","8.91K","4.58%","76.64B","33.48K"
"오픈베이스","049480","2.48K","1.64%","76.51B","69.60K"
"핑거","163730","8.47K","1.56%","76.48B","11.19K"
"디스플레이텍","066670","4.93K","1.23%","76.45B","53.89K"
"탑코미디어","134580","3.50K","-0.85%","76.42B","128.79K"
"DH오토웨어","025440","2.48K","0.00%","76.34B","0.00"
"나래나노텍","137080","6.89K","-0.14%","76.31B","39.49K"
"코메론","049430","8.40K","-1.06%","76.28B","21.46K"
"인포뱅크","039290","9.28K","0.11%","76.25B","17.78K"
"한컴위드","054920","3.17K","3.43%","76.07B","78.47K"
"머큐리","100590","4.88K","1.66%","76.06B","52.80K"
"케어랩스","263700","3.96K","1.15%","76.05B","90.87K"
"포시에스","189690","2.81K","1.08%","75.96B","77.84K"
"제이씨현시스템","033320","4.12K","2.61%","75.95B","112.42K"
"웰크론","065950","2.80K","0.54%","75.88B","102.61K"
"제룡산업","147830","4.18K","5.56%","75.84B","405.13K"
"바이브컴퍼니","301300","6.28K","2.61%","75.38B","15.88K"
"팬엔터테인먼트","068050","2.77K","1.84%","75.33B","52.86K"
"에스와이스틸텍","365330","2.52K","2.65%","75.15B","115.83K"
"SDN","099220","1.45K","5.06%","74.92B","4.47M"
"티쓰리","204610","1.12K","1.54%","74.69B","107.64K"
"모베이스","101330","3.27K","1.24%","74.65B","39.19K"
"프로이천","321260","2.69K","1.89%","74.43B","67.42K"
"우림피티에스","101170","5.71K","1.42%","74.41B","36.60K"
"트윔","290090","10.70K","0.66%","74.38B","2.09K"
"NE능률","053290","4.80K","0.21%","74.20B","65.02K"
"KX하이텍","052900","1.38K","0.88%","74.18B","313.17K"
"수성","084180","634.00","-0.94%","74.14B","150.72K"
"동아엘텍","088130","8.74K","3.43%","73.88B","74.95K"
"미래에셋드림스팩1호","442900","9.62K","0.00%","73.88B","15.07K"
"RF머트리얼즈","327260","8.78K","0.34%","73.79B","8.84K"
"윙입푸드","900340","1.59K","3.45%","73.74B","1.40M"
"SM Life Design","063440","1.61K","0.69%","73.60B","49.76K"
"한국전자인증","041460","3.94K","1.68%","73.44B","43.55K"
"큐로컴","040350","518.00","0.58%","73.43B","558.41K"
"줌인터넷","239340","2.77K","1.84%","73.38B","37.12K"
"서린바이오","038070","8.70K","1.52%","73.37B","20.94K"
"현우산업","092300","4.05K","1.38%","73.19B","340.34K"
"FSN","214270","2.14K","-2.73%","73.14B","716.36K"
"케일럼","258610","2.78K","0.91%","73.09B","21.79K"
"잉크테크","049550","3.73K","0.27%","72.84B","5.04K"
"에스씨디","042110","1.51K","0.80%","72.49B","17.24K"
"에이프로젠 H&G","109960","644.00","1.42%","72.46B","256.43K"
"제놀루션","225220","3.83K","1.72%","72.35B","54.85K"
"디지틀조선","033130","1.97K","1.03%","72.34B","75.84K"
"브리지텍","064480","6.88K","1.78%","72.32B","35.84K"
"제주맥주","276730","1.41K","13.74%","72.31B","6.19M"
"아이톡시","052770","1.58K","-4.82%","72.29B","275.58K"
"나무기술","242040","2.19K","0.46%","72.24B","116.91K"
"EG","037370","8.47K","1.32%","72.10B","45.38K"
"한일단조","024740","2.27K","-1.30%","71.99B","301.66K"
"구영테크","053270","2.75K","0.18%","71.73B","31.94K"
"코센","009730","2.37K","0.85%","71.66B","289.11K"
"모비릭스","348030","7.32K","-1.88%","71.64B","19.08K"
"이노시뮬레이션","274400","9.16K","0.00%","71.63B","24.16K"
"아이큐어","175250","1.94K","1.26%","71.45B","75.37K"
"HB인베스트먼트","440290","2.71K","2.07%","71.33B","73.26K"
"우양","103840","4.37K","0.34%","71.19B","52.96K"
"삼기","122350","1.89K","0.64%","71.18B","58.70K"
"비비씨","318410","12.90K","0.70%","71.16B","22.01K"
"보라티알","250000","11.00K","1.48%","70.99B","20.98K"
"인스웨이브시스템즈","450520","15.08K","4.50%","70.73B","29.28K"
"에이디엠코리아","187660","3.47K","4.05%","70.55B","268.27K"
"iMBC","052220","3.19K","4.25%","70.38B","313.82K"
"에이치시티","072990","9.97K","0.50%","70.17B","6.63K"
"에스제이그룹","306040","7.21K","0.14%","70.12B","8.72K"
"에이치엘사이언스","239610","13.66K","-0.73%","70.08B","767.00"
"조광ILI","044060","731.00","0.00%","70.08B","0.00"
"코스텍시스","355150","9.12K","0.44%","69.98B","17.04K"
"에스텍","069510","8.38K","0.96%","69.80B","504.00"
"대모","317850","8.58K","2.39%","69.76B","105.57K"
"우리넷","115440","6.58K","1.54%","69.69B","33.28K"
"코디","080530","2.04K","-2.86%","69.57B","249.28K"
"유진테크놀로지","240600","10.31K","1.68%","69.52B","46.24K"
"하이소닉","106080","4.49K","-0.11%","69.47B","9.65K"
"아이엘사이언스","307180","2.60K","0.19%","69.42B","45.42K"
"키네마스터","139670","5.05K","2.96%","69.25B","27.41K"
"대창솔루션","096350","441.00","1.61%","69.07B","349.98K"
"프리엠스","053160","12.69K","-1.48%","69.03B","42.05K"
"엔투텍","227950","678.00","1.80%","68.98B","74.76K"
"우리산업","072470","3.71K","1.78%","68.93B","20.83K"
"창해에탄올","004650","9.07K","-0.11%","68.89B","1.94K"
"에이텍티앤","224110","13.97K","1.82%","68.87B","27.73K"
"서진오토모티브","122690","3.12K","-1.42%","68.75B","74.11K"
"코콤","015710","4.25K","2.54%","68.72B","21.32K"
"나라엠앤디","051490","5.03K","1.11%","68.69B","22.96K"
"파수","150900","6.35K","6.01%","68.63B","381.73K"
"엔에프씨","265740","7.82K","1.96%","68.51B","4.92K"
"카이노스메드","284620","2.75K","12.24%","68.41B","466.17K"
"Eco Volt","097780","1.01K","-0.10%","68.41B","74.80K"
"대림제지","017650","8.15K","0.25%","68.05B","3.13K"
"CSA 코스믹","083660","1.14K","-1.39%","67.96B","25.55K"
"엑트로","290740","7.28K","0.00%","67.94B","7.30K"
"씨이랩","189330","11.25K","0.99%","67.87B","16.59K"
"수산아이앤티","050960","10.10K","0.80%","67.65B","16.60K"
"유성티엔에스","024800","2.08K","2.47%","67.63B","19.23K"
"버넥트","438700","6.22K","1.80%","67.56B","19.14K"
"오로라","039830","6.79K","0.89%","67.49B","7.00K"
"웨이버스","336060","1.41K","0.86%","67.42B","73.03K"
"산돌","419120","8.74K","0.69%","67.29B","55.19K"
"피씨엘","241820","1.26K","1.04%","67.28B","101.13K"
"푸드나무","290720","5.55K","3.93%","67.03B","46.10K"
"케이피엠테크","042040","385.00","0.26%","66.99B","208.41K"
"영림원소프트랩","060850","8.43K","-0.24%","66.84B","10.12K"
"네오크레마","311390","6.26K","2.12%","66.76B","36.19K"
"YBM넷","057030","4.17K","2.08%","66.11B","312.25K"
"동우팜투테이블","088910","2.58K","0.78%","65.98B","87.86K"
"미코바이오메드","214610","1.61K","6.08%","65.95B","787.67K"
"티플랙스","081150","2.80K","3.13%","65.89B","374.37K"
"신진에스엠","138070","3.90K","0.00%","65.71B","3.95M"
"피코그램","376180","3.75K","4.46%","65.68B","64.75K"
"지니틱스","303030","1.85K","0.98%","65.63B","182.78K"
"에이루트","096690","391.00","0.00%","65.61B","0.00"
"큐라티스","348080","1.60K","3.23%","65.34B","68.30K"
"SG","255220","1.55K","1.84%","65.17B","601.06K"
"기가레인","049080","771.00","0.65%","65.02B","1.72M"
"에이치와이티씨","148930","6.60K","2.64%","64.85B","10.49K"
"뉴지랩파마","214870","1.39K","0.00%","64.72B","0.00"
"원익","032940","3.62K","1.97%","64.68B","14.55K"
"대륙제관","004780","4.07K","0.00%","64.65B","10.31K"
"비아이매트릭스","413640","9.22K","2.90%","64.57B","40.95K"
"애머릿지","900100","1.60K","-2.14%","64.53B","76.49K"
"슈프리마에이치큐","094840","6.94K","-0.57%","64.49B","767.67K"
"이글벳","044960","5.11K","0.39%","64.35B","26.51K"
"인산가","277410","1.69K","0.59%","64.20B","103.92K"
"이글루시큐리티","067920","6.18K","0.82%","63.96B","21.26K"
"KBG","318000","7.46K","2.05%","63.89B","24.63K"
"린드먼아시아","277070","5.14K","3.84%","63.86B","222.84K"
"얼라인드","238120","4.47K","0.68%","63.84B","134.75K"
"오하임아이엔티","309930","3.12K","4.00%","63.83B","18.94K"
"힘스","238490","5.85K","1.74%","63.82B","81.67K"
"KBI메탈","024840","1.98K","5.43%","63.66B","11.11M"
"아이에스이커머스","069920","2.46K","-0.60%","63.58B","43.81K"
"DeepMind Platform","223310","1.47K","1.03%","63.58B","77.04K"
"제일제강","023440","1.21K","4.30%","63.18B","326.62K"
"자비스","254120","2.10K","2.68%","62.96B","186.21K"
"웨이브일렉트로","095270","4.92K","-0.10%","62.91B","1.33K"
"소프트센","032685","10.00K","2.15%","62.67B","715.00"
"소프트센","032680","614.00","2.16%","62.67B","573.96K"
"에코캡","128540","2.45K","1.66%","62.64B","30.95K"
"우리로","046970","1.49K","3.40%","62.62B","134.90K"
"원바이오젠","307280","1.79K","1.59%","62.40B","65.17K"
"삼천리자전거","024950","5.14K","-0.19%","62.33B","17.44K"
"픽셀플러스","087600","8.56K","2.39%","62.24B","7.63K"
"원티드랩","376980","7.06K","0.86%","62.14B","12.61K"
"미디어젠","279600","13.08K","-1.36%","62.12B","10.99K"
"앱코","129890","1.25K","1.71%","61.79B","350.45K"
"코데즈컴바인","047770","1.64K","0.37%","61.72B","10.04K"
"팬젠","222110","5.70K","-1.38%","61.72B","2.28K"
"핑거스토리","417180","3.78K","2.30%","61.66B","76.34K"
"드림씨아이에스","223250","2.73K","2.06%","61.55B","99.47K"
"와이즈버즈","273060","1.23K","1.07%","61.51B","1.35M"
"에쎈테크","043340","649.00","0.31%","61.47B","4.86K"
"대주산업","003310","1.73K","0.06%","61.33B","149.79K"
"코퍼스코리아","322780","1.67K","0.48%","61.25B","16.51K"
"프롬바이오","377220","2.23K","3.24%","61.15B","164.40K"
"피엠티","147760","5.74K","1.77%","61.02B","184.35K"
"푸른기술","094940","7.74K","0.52%","60.87B","69.02K"
"CBI","013720","1.47K","3.80%","60.74B","185.31K"
"유에스티","263770","2.65K","3.71%","60.67B","13.05K"
"스페코","013810","4.00K","-3.26%","60.67B","570.68K"
"진영","285800","3.46K","-0.14%","60.47B","52.21K"
"한국팩키지","037230","2.03K","0.25%","60.35B","9.94K"
"비디아이","148140","640.00","0.00%","60.28B","0.00"
"오토앤","353590","4.79K","2.46%","60.26B","101.24K"
"TKG애강","022220","1.15K","-0.60%","59.98B","62.67K"
"클리노믹스","352770","1.82K","0.05%","59.74B","332.83K"
"대원","007680","4.50K","1.46%","59.70B","1.53K"
"케이웨더","068100","6.12K","2.00%","59.64B","82.06K"
"원익큐브","014190","1.73K","2.43%","59.61B","214.75K"
"윈텍","320000","3.31K","2.95%","59.57B","491.20K"
"한독크린텍","256150","7.15K","0.85%","59.52B","5.04K"
"파인디앤씨","049120","1.33K","-2.63%","59.49B","46.00K"
"피에스텍","002230","3.65K","1.67%","59.34B","24.86K"
"쏘닉스","088280","3.40K","-0.29%","59.02B","139.79K"
"플래티어","367000","6.84K","-2.70%","58.97B","70.45K"
"CNH","023460","1.76K","-1.62%","58.93B","3.33K"
"하츠","066130","4.91K","-0.20%","58.92B","10.50K"
"세원물산","024830","7.04K","-0.14%","58.87B","448.00"
"오픈놀","440320","6.15K","2.50%","58.83B","40.13K"
"이노테라피","246960","8.13K","0.62%","58.81B","5.72K"
"효성오앤비","097870","7.25K","1.12%","58.72B","17.90K"
"흥국","010240","5.45K","2.83%","58.67B","24.55K"
"테라사이언스","073640","654.00","0.00%","58.49B","0.00"
"일지테크","019540","4.50K","1.92%","58.40B","81.84K"
"진양제약","007370","5.46K","0.92%","58.39B","8.70K"
"캡스톤파트너스","452300","4.24K","1.68%","58.36B","154.90K"
"그리티","204020","2.90K","-0.52%","58.26B","37.09K"
"브레인즈컴퍼니","099390","7.13K","0.71%","58.11B","5.11K"
"나라셀라","405920","4.69K","4.34%","57.89B","2.73M"
"지니너스","389030","1.75K","0.87%","57.57B","72.58K"
"에프엔씨엔터","173940","4.16K","7.91%","57.55B","19.72K"
"동국알앤에스","075970","3.26K","4.49%","57.41B","187.82K"
"이원다이애그노믹스","245620","415.00","0.00%","57.39B","0.00"
"오텍","067170","4.07K","0.62%","57.39B","10.89K"
"블루콤","033560","3.43K","2.24%","57.25B","13.82K"
"에이티세미콘","089530","600.00","0.00%","56.94B","0.00"
"신화인터텍","056700","1.99K","1.17%","56.92B","47.53K"
"이니텍","053350","3.27K","1.71%","56.89B","10.13K"
"대유","290380","2.31K","0.00%","56.84B","0.00"
"피플바이오","304840","2.71K","0.37%","56.79B","36.69K"
"태양","053620","7.18K","0.70%","56.76B","1.63K"
"한국가구","004590","4.18K","2.58%","56.58B","73.22K"
"고려시멘트","198440","1.77K","0.28%","56.51B","42.40K"
"피델릭스","032580","1.79K","4.99%","56.46B","6.86M"
"제일바이오","052670","2.08K","0.00%","56.18B","0.00"
"퀀타매트릭스","317690","3.50K","3.09%","56.14B","17.45K"
"삼화네트웍스","046390","1.45K","2.26%","56.14B","78.43K"
"이지트로닉스","377330","6.96K","0.72%","56.04B","11.29K"
"피씨디렉트","051380","3.69K","1.10%","55.99B","106.02K"
"에스에이티","060540","2.17K","1.87%","55.79B","117.46K"
"클라우드에어","036170","940.00","1.62%","55.75B","59.77K"
"케이엘넷","039420","2.56K","0.99%","55.62B","38.15K"
"라이콤","388790","1.95K","0.00%","55.46B","178.63K"
"재영솔루텍","049630","656.00","-0.91%","55.37B","283.16K"
"일신바이오","068330","1.34K","1.28%","55.35B","26.82K"
"코위버","056360","5.95K","0.51%","55.33B","8.13K"
"제일테크노스","038010","6.83K","2.71%","55.30B","73.57K"
"WSI","299170","1.86K","1.31%","55.13B","45.14K"
"남화토건","091590","4.72K","0.75%","55.06B","22.06K"
"성도이엔지","037350","3.90K","1.17%","54.75B","38.49K"
"이상네트웍스","080010","5.47K","-0.73%","54.18B","16.65K"
"상신전자","263810","3.92K","3.16%","54.12B","118.49K"
"씨유박스","340810","5.33K","1.91%","54.12B","35.32K"
"휴엠앤씨","263920","1.11K","0.27%","54.10B","21.58K"
"파워넷","037030","2.68K","2.10%","54.08B","66.06K"
"서암기계공업","100660","4.38K","2.10%","54.05B","23.84K"
"옴니시스템","057540","917.00","0.77%","54.00B","127.56K"
"디지캡","197140","4.34K","2.48%","53.80B","11.32K"
"큐캐피탈","016600","310.00","0.65%","53.75B","175.61K"
"샤페론","378800","2.33K","0.43%","53.64B","308.03K"
"삼륭물산","014970","3.58K","0.99%","53.62B","3.56K"
"오공","045060","3.00K","-5.21%","53.62B","138.44K"
"이즈미디어","181340","2.71K","0.00%","53.46B","0.00"
"아우딘퓨쳐스","227610","1.70K","-0.06%","53.45B","33.90K"
"TPC","048770","3.45K","1.32%","53.45B","36.69K"
"엠아이큐브솔루션","373170","11.20K","5.07%","53.17B","10.89K"
"지더블유바이텍","036180","581.00","0.00%","53.14B","130.59K"
"현대통신","039010","6.57K","1.08%","53.14B","23.40K"
"엔에이치스팩20호","391060","10.44K","0.19%","53.14B","43.63K"
"엔피디","198080","2.46K","-0.20%","53.08B","44.47K"
"플레이위드","023770","6.28K","0.32%","53.00B","13.52K"
"누보","332290","1.61K","-0.06%","52.88B","68.56K"
"디엔에이링크","127120","2.83K","-0.18%","52.88B","15.86K"
"팜스빌","318010","6.81K","-0.44%","52.86B","4.39K"
"화신정공","126640","1.45K","0.14%","52.81B","67.32K"
"바른손","018700","1.55K","1.50%","52.67B","19.86K"
"폴라리스우노","114630","698.00","0.87%","52.59B","141.22K"
"화성밸브","039610","5.12K","1.39%","52.57B","15.23K"
"KB오토시스","024120","4.57K","0.00%","52.56B","19.96K"
"한국테크놀로지","053590","334.00","0.00%","52.50B","0.00"
"에스씨엠생명과학","298060","2.60K","1.17%","52.50B","25.86K"
"세명전기","017510","4.15K","20.64%","52.45B","14.90M"
"씨유테크","376290","3.02K","1.69%","52.35B","14.29K"
"코아시아옵틱스","196450","1.17K","1.21%","52.33B","10.24K"
"시큐레터","418250","6.55K","0.00%","52.28B","0.00"
"신도기연","290520","3.33K","0.60%","52.17B","23.27K"
"SG&G","040610","1.57K","1.68%","52.17B","16.06K"
"디에이피","066900","2.97K","0.51%","52.01B","11.37K"
"셀리드","299660","3.87K","1.31%","51.96B","42.90K"
"우리이앤엘","153490","1.03K","0.29%","51.94B","41.34K"
"비투엔","307870","1.77K","16.03%","51.75B","2.34M"
"알에프세미","096610","2.96K","0.00%","51.55B","0.00"
"엠브레인","169330","2.82K","0.00%","51.48B","7.77K"
"NHN벅스","104200","4.29K","4.38%","51.46B","23.44K"
"에이텀","355690","10.20K","7.03%","51.44B","52.94K"
"비씨월드제약","200780","6.18K","1.64%","51.31B","19.84K"
"한네트","052600","4.53K","2.03%","51.29B","27.94K"
"메이슨캐피탈","021880","336.00","-0.30%","51.29B","325.36K"
"대명소노시즌","007720","503.00","-0.98%","51.21B","153.00K"
"YM","007530","2.69K","-0.19%","51.17B","21.26K"
"TS인베스트먼트","246690","1.27K","1.12%","51.16B","26.89K"
"진매트릭스","109820","2.52K","1.00%","50.98B","32.28K"
"이미지스","115610","3.38K","1.81%","50.94B","79.74K"
"우원개발","046940","2.83K","0.36%","50.88B","23.46K"
"메가엠디","133750","2.31K","0.22%","50.88B","132.60K"
"대창스틸","140520","2.42K","1.26%","50.34B","37.58K"
"배럴","267790","6.46K","1.25%","50.33B","18.41K"
"에너토크","019990","5.78K","7.43%","50.14B","4.06M"
"아이즈비전","031310","2.30K","0.66%","50.13B","33.66K"
"이화공영","001840","2.60K","2.77%","50.01B","23.31K"
"프리시젼바이오","335810","4.50K","4.41%","50.00B","12.79K"
"스튜디오삼익","415380","12.11K","2.63%","49.86B","38.09K"
"루멘스","038060","1.06K","0.19%","49.84B","36.67K"
"체리부로","066360","1.06K","1.83%","49.82B","150.44K"
"바이오인프라","199730","10.39K","0.19%","49.74B","5.61K"
"한빛소프트","047080","2.01K","0.85%","49.47B","41.91K"
"조아제약","034940","1.61K","1.32%","49.38B","55.95K"
"케이엠","083550","4.32K","1.05%","49.27B","16.99K"
"쎄노텍","222420","1.09K","0.55%","49.19B","17.08K"
"위세아이텍","065370","6.69K","0.45%","49.18B","54.30K"
"빅텐츠","210120","15.63K","0.06%","49.12B","5.32K"
"승일","049830","8.31K","0.24%","48.97B","2.38K"
"전진바이오팜","110020","6.00K","-1.32%","48.93B","109.78K"
"컬러레이","900310","775.00","1.57%","48.86B","169.40K"
"TN Entertainment","131100","1.75K","1.10%","48.66B","27.82K"
"DH Autolead","290120","3.03K","-3.35%","48.64B","22.45K"
"쌍용정보통신","010280","760.00","1.88%","48.58B","166.19K"
"이테크건설","016250","15.14K","0.87%","48.55B","605.00"
"윌링스","313760","8.16K","-2.51%","48.45B","59.52K"
"상상인인더스트리","101000","2.62K","1.55%","48.45B","169.38K"
"마니커에프앤지","195500","3.05K","0.33%","48.42B","51.83K"
"위즈코프","038620","770.00","0.13%","48.33B","64.71K"
"엔터파트너즈","058450","4.75K","12.84%","48.32B","315.45K"
"이건홀딩스","039020","2.24K","0.45%","48.30B","4.92K"
"진시스템","363250","7.04K","1.88%","48.27B","39.31K"
"상지카일룸","042940","401.00","-0.74%","48.26B","261.34K"
"아이윈","090150","1.22K","0.58%","48.18B","154.85K"
"한국맥널티","222980","4.58K","4.56%","48.12B","190.47K"
"오브젠","417860","12.67K","3.01%","48.03B","7.86K"
"세림B&G","340440","1.69K","0.18%","47.96B","45.77K"
"에스에이티이엔지","351320","2.20K","1.85%","47.55B","44.87K"
"케이디켐","221980","12.38K","-0.08%","47.35B","1.86K"
"플라즈맵","405000","2.42K","3.63%","47.35B","51.69K"
"비스토스","419540","2.07K","0.73%","47.25B","150.30K"
"씨티프라퍼티","052300","421.00","0.48%","47.24B","109.85K"
"리더스코스메틱","016100","2.56K","-0.39%","47.12B","272.35K"
"이원컴포텍","088290","1.57K","2.22%","46.93B","169.39K"
"비트나인","357880","4.40K","-2.00%","46.89B","290.14K"
"솔트웨어","328380","1.40K","2.78%","46.76B","202.33K"
"인포바인","115310","21.85K","0.23%","46.71B","12.45K"
"한일화학","007770","13.28K","-0.15%","46.68B","2.77K"
"아이스크림에듀","289010","3.65K","0.69%","46.57B","9.64K"
"오리엔트정공","065500","1.45K","-0.82%","46.42B","119.79K"
"동양파일","228340","2.28K","-1.72%","46.40B","14.93K"
"아이앤씨","052860","2.72K","1.49%","46.39B","40.10K"
"엔텔스","069410","4.79K","2.57%","46.31B","21.98K"
"인지소프트","100030","17.68K","4.99%","46.26B","7.67K"
"썸에이지","208640","334.00","0.60%","46.23B","77.99K"
"휴림에이텍","078590","868.00","1.88%","46.19B","260.15K"
"코맥스","036690","2.88K","0.00%","45.89B","0.00"
"원풍","008370","4.16K","1.46%","45.88B","18.05K"
"아세아텍","050860","2.21K","0.68%","45.80B","46.65K"
"네오펙트","290660","1.20K","1.44%","45.72B","42.94K"
"삼영엠텍","054540","3.91K","3.85%","45.67B","71.97K"
"오디텍","080520","4.36K","1.04%","45.65B","12.79K"
"와이제이엠게임즈","193250","714.00","-0.83%","45.59B","53.36K"
"삼성스팩8호","448740","9.78K","0.10%","45.57B","4.74K"
"압타머사이언스","291650","2.75K","2.62%","45.42B","14.97K"
"이스트아시아홀딩스","900110","100.00","-4.76%","45.35B","62.26M"
"바른손이앤에이","035620","612.00","0.33%","45.30B","34.75K"
"지엔코","065060","420.00","-1.87%","45.27B","131.52K"
"네이블","153460","6.94K","0.58%","45.06B","291.00"
"이루온","065440","1.73K","1.53%","44.97B","43.24K"
"서전기전","189860","4.79K","3.45%","44.95B","292.01K"
"케이씨티","089150","2.67K","2.10%","44.85B","24.52K"
"빛샘전자","072950","5.71K","2.15%","44.78B","78.59K"
"삼진","032750","4.85K","-2.02%","44.69B","58.39K"
"베스파","299910","3.17K","0.00%","44.69B","0.00"
"알로이스","297570","1.28K","-0.47%","44.66B","25.84K"
"팬스타엔터프라이즈","054300","668.00","0.15%","44.66B","40.49K"
"웰크론한텍","076080","2.15K","6.68%","44.59B","159.49K"
"싸이버원","356890","9.35K","0.00%","44.57B","0.00"
"U2Bio","221800","3.93K","0.13%","44.30B","35.45K"
"대한과학","131220","5.93K","0.17%","44.12B","5.41K"
"SGA솔루션즈","184230","706.00","0.43%","44.04B","53.58K"
"푸드웰","005670","4.66K","0.11%","43.89B","9.23K"
"젠큐릭스","229000","3.10K","2.31%","43.76B","60.69K"
"비플라이소프트","148780","1.41K","1.15%","43.74B","101.89K"
"삼일기업공사","002290","3.62K","2.70%","43.71B","35.67K"
"아이디피","332370","3.39K","1.04%","43.53B","8.22K"
"파버나인","177830","3.46K","0.29%","43.46B","20.73K"
"백금T&A","046310","2.65K","0.19%","43.43B","132.00K"
"동일기연","032960","11.60K","0.96%","43.39B","7.33K"
"티엘아이","062860","5.80K","0.00%","42.84B","0.00"
"대신정보통신","020180","1.13K","1.26%","42.81B","200.57K"
"쎄니트","037760","1.41K","4.68%","42.81B","108.97K"
"옵티시스","109080","8.96K","1.47%","42.74B","6.39K"
"아시아경제","127710","1.26K","2.95%","42.62B","17.07K"
"디티앤씨","187220","3.81K","3.11%","42.58B","40.94K"
"라닉스","317120","4.30K","-2.38%","42.49B","893.63K"
"대호특수강","021040","4.05K","0.25%","42.46B","4.33K"
"대호특수강우","021045","7.86K","-1.50%","42.46B","418.00"
"유니온커뮤니티","203450","3.27K","-0.15%","42.33B","20.96K"
"경남제약","053950","1.23K","3.71%","42.21B","356.59K"
"하이즈항공","221840","2.27K","0.44%","42.17B","4.66K"
"신화콘텍","187270","4.58K","0.11%","42.13B","66.44K"
"멕아이씨에스","058110","2.77K","2.59%","42.04B","51.32K"
"네오티스","085910","3.29K","0.92%","42.02B","11.84K"
"휴럼","353190","1.07K","0.38%","41.98B","74.38K"
"비피도","238200","5.23K","2.15%","41.88B","26.68K"
"큐로홀딩스","051780","311.00","0.97%","41.82B","155.55K"
"앤씨앤","092600","1.75K","3.18%","41.58B","82.47K"
"오에스피","368970","4.51K","1.46%","41.54B","18.75K"
"서연탑메탈","019770","3.61K","1.26%","41.53B","33.21K"
"KH 일렉트론","111870","198.00","0.00%","41.44B","0.00"
"KH 건설","226360","319.00","0.00%","41.44B","0.00"
"THE E&M","089230","2.03K","-1.46%","41.25B","43.10K"
"휴네시온","290270","4.63K","5.22%","41.14B","23.64K"
"예림당","036000","1.86K","4.03%","41.12B","4.26K"
"디케이앤디","263020","2.76K","-2.13%","41.10B","56.71K"
"포메탈","119500","3.52K","0.28%","40.79B","74.03K"
"비엘팜텍","065170","471.00","2.84%","40.75B","312.88K"
"한국큐빅","021650","2.50K","0.20%","40.63B","24.26K"
"에이에프더블류","312610","2.03K","1.55%","40.49B","15.79K"
"GH신소재","130500","2.80K","0.90%","40.36B","84.32K"
"한국유니온제약","080720","5.67K","1.61%","40.32B","6.21K"
"정원엔시스","045510","1.28K","-0.16%","40.29B","13.46K"
"나노브릭","286750","2.03K","4.59%","40.17B","64.19K"
"디와이디대양","219550","768.00","0.26%","40.05B","381.29K"
"크린앤사이언스","045520","6.62K","1.22%","40.01B","22.69K"
"오스템","031510","1.49K","-0.60%","39.92B","68.30K"
"이엠앤아이","083470","1.97K","5.57%","39.86B","112.10K"
"나노씨엠에스","247660","9.43K","1.40%","39.72B","14.16K"
"PN풍년","024940","4.25K","0.47%","39.71B","34.09K"
"씨큐브","101240","4.54K","1.79%","39.71B","7.46K"
"휴맥스홀딩스","028080","3.62K","0.14%","39.47B","9.39K"
"율촌","146060","1.64K","0.06%","39.39B","712.21K"
"케이씨피드","025880","2.46K","-1.00%","39.30B","32.63K"
"대성미생물","036480","10.40K","0.58%","39.29B","12.82K"
"뉴인텍","012340","779.00","1.04%","39.25B","36.72K"
"동방선기","099410","2.92K","3.00%","38.93B","95.84K"
"시지트로닉스","429270","8.80K","2.21%","38.80B","16.98K"
"서울제약","018680","3.34K","0.75%","38.65B","6.96K"
"메디콕스","054180","686.00","1.48%","38.63B","114.55K"
"포커스에이치엔에스","331380","2.06K","1.73%","38.48B","42.89K"
"모헨즈","006920","3.56K","1.28%","38.38B","39.13K"
"한창산업","079170","7.40K","0.41%","38.32B","16.52K"
"바이오로그디바이스","208710","624.00","1.96%","38.31B","70.59K"
"아이크래프트","052460","3.25K","1.56%","38.27B","30.41K"
"그린생명과학","114450","1.88K","-1.47%","38.16B","19.50K"
"Valofe","331520","757.00","1.07%","38.10B","95.23K"
"이씨에스","067010","3.27K","0.31%","38.09B","29.30K"
"셀바이오휴먼텍","318160","4.28K","4.14%","38.05B","93.25K"
"토탈소프트","045340","4.90K","2.51%","37.87B","29.85K"
"영우디에스피","143540","872.00","0.81%","37.79B","177.20K"
"리더스 기술투자","019570","702.00","-2.50%","37.77B","328.75K"
"룽투코리아","060240","1.56K","2.09%","37.73B","103.03K"
"신시웨이","290560","10.38K","0.00%","37.70B","10.68K"
"시큐브","131090","943.00","-0.21%","37.61B","30.86K"
"한주라이트메탈","198940","2.06K","6.26%","37.59B","645.20K"
"알파홀딩스","117670","945.00","0.00%","37.46B","0.00"
"국영지앤엠","006050","1.12K","1.27%","37.45B","51.88K"
"넥스턴","089140","3.68K","1.94%","37.39B","13.99K"
"삼보산업","009620","782.00","4.83%","37.34B","1.15M"
"보령메디앙스","014100","3.25K","-1.52%","37.24B","28.05K"
"Shinhan 11th Special Purpose","452980","1.97K","0.00%","37.24B","33.13K"
"피앤씨테크","237750","5.95K","3.84%","37.23B","167.83K"
"삼영이엔씨","065570","3.32K","8.14%","37.13B","597.62K"
"와토스코리아","079000","5.40K","4.85%","37.08B","67.64K"
"무림SP","001810","1.68K","1.64%","36.53B","23.06K"
"원일특강","012620","8.37K","0.97%","36.48B","15.08K"
"세화피앤씨","252500","909.00","3.53%","36.43B","482.34K"
"베셀","177350","455.00","0.00%","36.34B","1.19M"
"세중","039310","2.00K","0.10%","36.21B","9.12K"
"동양에스텍","060380","1.90K","1.71%","36.09B","138.00K"
"모아텍","033200","3.98K","1.66%","36.04B","20.98K"
"카스","016920","1.46K","-0.41%","36.00B","25.12K"
"누리플렉스","040160","3.27K","2.51%","35.98B","33.76K"
"이노룰스","296640","7.27K","2.54%","35.98B","170.40K"
"코이즈","121850","1.18K","-0.17%","35.83B","67.54K"
"알엔투테크놀로지","148250","4.64K","-3.73%","35.66B","43.78K"
"네오리진","094860","1.69K","1.74%","35.55B","33.19K"
"Protia","303360","2.81K","1.99%","35.54B","4.65K"
"에스에너지","095910","1.94K","2.00%","35.46B","44.29K"
"파인디지털","038950","4.30K","-0.12%","35.35B","8.09K"
"대동스틸","048470","3.88K","6.16%","35.22B","9.10M"
"인콘","083640","459.00","0.88%","35.09B","214.36K"
"삼성스팩7호","439250","10.02K","0.00%","35.09B","1.52K"
"성우테크론","045300","3.62K","1.54%","34.91B","11.62K"
"윈하이텍","192390","3.23K","1.10%","34.85B","28.99K"
"해성옵틱스","076610","1.37K","-0.29%","34.83B","29.24K"
"씨유메디칼","115480","743.00","3.19%","34.65B","97.98K"
"풍강","093380","3.63K","0.83%","34.57B","9.70K"
"신라에스지","025870","8.34K","-1.30%","34.54B","26.70K"
"부스타","008470","4.29K","1.06%","34.35B","9.80K"
"엘엠에스","073110","5.93K","0.00%","34.30B","18.73K"
"TS트릴리온","317240","356.00","0.00%","34.22B","0.00"
"옵티코어","380540","1.23K","-0.41%","34.19B","73.28K"
"디에이테크놀로지","196490","203.00","0.00%","34.17B","0.00"
"판타지오","032800","289.00","-1.37%","34.14B","2.92M"
"우리조명","037400","1.42K","1.07%","34.07B","56.05K"
"엔시트론","101400","567.00","-1.39%","34.03B","122.69K"
"아이컴포넌트","059100","5.14K","3.01%","34.00B","9.92K"
"아이윈플러스","123010","1.04K","-0.19%","33.88B","20.71K"
"파인텍","131760","777.00","-0.38%","33.88B","35.82K"
"핀텔","291810","3.03K","1.68%","33.80B","43.53K"
"플랜티넷","075130","2.23K","1.36%","33.79B","15.70K"
"진바이오텍","086060","3.93K","0.90%","33.54B","33.05K"
"에스엘에스바이오","246250","4.98K","1.43%","33.53B","6.70K"
"기산텔레콤","035460","2.31K","0.65%","33.53B","43.83K"
"코리아에셋투자증권","190650","5.37K","3.27%","33.22B","3.81K"
"드래곤플라이","030350","487.00","1.88%","33.17B","107.95K"
"모코엠시스","333050","1.38K","0.95%","33.16B","43.70K"
"씨엑스아이","900120","116.00","0.87%","33.15B","1.59M"
"신라섬유","001000","1.36K","0.59%","32.80B","15.83K"
"DGP","060900","1.35K","3.86%","32.73B","51.97K"
"넥스트아이","137940","431.00","1.17%","32.62B","1.38M"
"Panacea","058530","1.62K","0.00%","32.52B","0.00"
"토박스코리아","215480","3.50K","1.45%","32.43B","9.45K"
"The Tech","043090","457.00","-1.51%","32.32B","216.30K"
"ES큐브","050120","2.39K","-0.62%","32.21B","8.09K"
"신원종합개발","017000","2.92K","1.74%","32.13B","22.02K"
"아이티아이즈","372800","5.50K","1.10%","32.03B","6.76K"
"성창오토텍","080470","4.45K","2.06%","31.83B","8.07K"
"우진비앤지","018620","1.10K","0.37%","31.60B","37.04K"
"블레이드 Ent","044480","929.00","0.98%","31.55B","121.91K"
"나노","187790","1.02K","0.00%","31.44B","0.00"
"VC","365900","4.36K","1.28%","31.43B","15.04K"
"바이온","032980","802.00","3.62%","31.35B","252.04K"
"삼진엘앤디","054090","1.28K","1.27%","31.33B","28.40K"
"케이바이오","038530","276.00","1.85%","31.30B","385.01K"
"성우전자","081580","2.08K","1.47%","31.09B","24.17K"
"이노인스트루먼트","215790","774.00","1.04%","30.86B","35.34K"
"소프트캠프","258790","1.29K","0.54%","30.81B","328.00K"
"제이엠아이","033050","967.00","0.10%","30.76B","41.40K"
"디젠스","113810","953.00","1.17%","30.74B","206.77K"
"YW","051390","3.63K","0.41%","30.62B","13.91K"
"협진","138360","900.00","2.04%","30.50B","64.15K"
"셀레믹스","331920","3.75K","0.54%","30.45B","3.61K"
"라이프시맨틱스","347700","2.03K","4.53%","30.42B","107.62K"
"Welkeeps Hitech","043590","1.12K","-0.71%","30.05B","100.63K"
"로지시스","067730","3.20K","3.39%","29.94B","23.49K"
"시큐센","232830","2.59K","1.37%","29.91B","48.90K"
"아즈텍WB","032080","1.42K","0.35%","29.89B","29.57K"
"캐스텍코리아","071850","1.83K","1.33%","29.50B","54.78K"
"대성파인텍","104040","974.00","1.56%","29.41B","70.51K"
"Cellfie Global","068940","778.00","0.00%","29.33B","0.00"
"케스피온","079190","764.00","0.00%","29.30B","50.85K"
"캐리소프트","317530","4.30K","0.82%","29.13B","12.21K"
"DYC","310870","1.40K","-0.07%","29.06B","94.86K"
"코스나인","082660","351.00","4.78%","29.02B","7.27M"
"서산","079650","1.45K","0.21%","28.94B","13.38K"
"엔에이치스팩29호","451700","2.02K","0.00%","28.92B","21.82K"
"제넨바이오","072520","389.00","0.00%","28.84B","0.00"
"인바이오","352940","2.75K","4.16%","28.75B","28.09K"
"에스디시스템","121890","2.21K","-1.99%","28.67B","161.50K"
"솔고바이오","043100","439.00","3.78%","28.66B","222.30K"
"알티캐스트","085810","995.00","0.51%","28.62B","12.68K"
"티피씨글로벌","130740","2.50K","-1.19%","28.53B","34.46K"
"딜리","131180","1.03K","0.10%","28.48B","17.03K"
"서울리거","043710","547.00","-3.53%","28.46B","75.60K"
"듀오백","073190","2.58K","0.19%","28.43B","53.95K"
"엔피케이","048830","1.53K","1.52%","28.25B","56.18K"
"지란지교시큐리티","208350","3.40K","0.74%","28.23B","10.33K"
"S&W","103230","4.13K","5.36%","28.22B","92.60K"
"로스웰","900260","828.00","6.29%","27.90B","226.53K"
"아시아종묘","154030","2.52K","1.00%","27.80B","14.18K"
"이노진","344860","2.29K","-0.22%","27.67B","14.48K"
"글로본","019660","792.00","-0.13%","27.59B","64.42K"
"삼일","032280","1.79K","0.85%","27.53B","32.02K"
"한탑","002680","880.00","-0.34%","27.39B","146.72K"
"헝셩그룹","900270","212.00","-1.85%","27.12B","9.13M"
"국일신동","060480","2.43K","-0.61%","27.12B","44.08K"
"에이치케이","044780","1.48K","-0.07%","27.10B","34.96K"
"네오이뮨텍","950220","1.41K","3.07%","27.05B","296.29K"
"엑사이엔씨","054940","816.00","0.12%","27.04B","112.06K"
"제이에스티나","026040","1.90K","0.96%","26.96B","14.99K"
"SGA","049470","472.00","2.61%","26.90B","606.88K"
"파루","043200","635.00","-1.24%","26.87B","41.15K"
"프럼파스트","035200","3.23K","1.89%","26.83B","29.73K"
"솔루에타","154040","1.52K","1.61%","26.80B","1.94M"
"대동금속","020400","8.45K","1.32%","26.60B","5.60K"
"더코디","224060","5.56K","-0.36%","26.34B","2.17K"
"오가닉티코스메틱","900300","109.00","1.87%","26.24B","114.00M"
"서울전자통신","027040","376.00","-0.27%","26.23B","37.51K"
"까스텔바작","308100","4.10K","1.36%","26.09B","5.82K"
"위니아에이드","377460","1.69K","0.00%","26.03B","0.00"
"인터엠","017250","1.28K","-0.08%","26.02B","18.75K"
"패션플랫폼","225590","1.02K","0.99%","25.89B","74.93K"
"에스폴리텍","050760","1.68K","0.36%","25.87B","42.21K"
"KB No.27","464680","2.00K","-0.10%","25.80B","17.64K"
"에스티오","098660","2.14K","0.94%","25.73B","22.86K"
"스킨앤스킨","159910","718.00","-1.64%","25.68B","81.82K"
"알톤스포츠","123750","2.00K","-0.50%","25.65B","26.08K"
"유진스팩8호","413630","4.42K","1.96%","25.63B","53.38K"
"벨로크","424760","1.61K","0.56%","25.61B","14.31K"
"골드앤에스","035290","573.00","4.18%","25.55B","178.39K"
"한국정보공학","039740","3.12K","-1.89%","25.46B","69.52K"
"원풍물산","008290","647.00","1.57%","25.45B","22.96K"
"엔지스테크널러지","208860","2.21K","0.00%","25.23B","0.00"
"케이비제22호스팩","436530","4.76K","0.00%","24.85B","0.00"
"삼영에스앤씨","361670","4.36K","-0.34%","24.80B","5.46K"
"웹스","196700","1.70K","-0.82%","24.55B","24.70K"
"세니젠","188260","3.77K","3.86%","24.48B","22.35K"
"비츠로시스","054220","494.00","0.00%","24.29B","35.58K"
"이엘피","063760","2.83K","3.09%","24.28B","29.83K"
"피피아이","062970","2.45K","-5.95%","24.25B","3.24M"
"BF랩스","139050","2.81K","0.00%","24.25B","0.00"
"세동","053060","1.36K","0.66%","23.91B","109.51K"
"S&K폴리텍","091340","2.29K","2.47%","23.88B","42.45K"
"케이피티유","054410","4.62K","-0.86%","23.58B","4.71K"
"인베니아","079950","1.09K","0.46%","23.58B","54.72K"
"CS","065770","1.19K","0.17%","23.06B","60.23K"
"예선테크","250930","707.00","0.57%","22.97B","26.44K"
"글로벌에스엠","900070","439.00","0.69%","22.92B","150.79K"
"에스에스알","275630","4.17K","0.00%","22.90B","10.24K"
"세종메디칼","258830","412.00","0.00%","22.80B","0.00"
"나노캠텍","091970","622.00","-1.43%","22.80B","55.33K"
"제닉","123330","3.32K","-0.15%","22.80B","9.38K"
"뉴보텍","060260","544.00","-2.68%","22.76B","605.52K"
"케이엠제약","225430","809.00","-0.61%","22.70B","37.72K"
"에스엘바이오닉스","214310","306.00","0.00%","22.51B","0.00"
"스카이문스테크놀로지","033790","1.41K","5.61%","22.50B","37.03K"
"육일씨엔에쓰","191410","2.02K","0.25%","22.50B","39.53K"
"삼성스팩9호","468510","2.04K","0.25%","22.43B","13.30K"
"우정바이오","215380","1.64K","-0.18%","22.40B","36.50K"
"신영스팩7호","419270","5.20K","0.00%","22.39B","0.00"
"유비온","084440","1.14K","1.07%","22.18B","22.30K"
"유비온","084440F","-","%","22.18B","-"
"세진티에스","067770","2.70K","1.31%","22.11B","6.75K"
"애드바이오텍","179530","2.40K","-0.62%","22.07B","38.33K"
"에이치앤비디자인","227100","1.41K","0.71%","21.95B","144.88K"
"형지I&C","011080","859.00","-0.23%","21.95B","66.66K"
"디모아","016670","222.00","3.26%","21.90B","450.40K"
"위니아","071460","613.00","0.00%","21.80B","0.00"
"디딤","217620","381.00","0.00%","21.72B","0.00"
"씨엔플러스","115530","326.00","2.52%","21.61B","327.71K"
"비유테크놀러지","230980","229.00","0.00%","21.37B","0.00"
"스타플렉스","115570","2.73K","1.68%","21.18B","6.74K"
"엠에프엠코리아","323230","575.00","16.16%","20.97B","1.41M"
"엑스큐어","070300","3.02K","6.33%","20.96B","52.98K"
"에프알텍","073540","1.87K","1.69%","20.95B","14.82K"
"에스유홀딩스","031860","160.00","0.00%","20.85B","0.00"
"디지아이","043360","2.31K","-1.28%","20.82B","17.49K"
"엘디티","096870","3.08K","-1.13%","20.77B","19.78K"
"비케이홀딩스","050090","1.04K","-1.05%","20.67B","56.86K"
"와이오엠","066430","528.00","0.19%","20.63B","142.58K"
"파인테크닉스","106240","1.31K","1.86%","20.47B","42.82K"
"광진실업","026910","3.19K","0.00%","20.40B","6.38K"
"한솔인티큐브","070590","1.49K","0.27%","20.32B","21.59K"
"골든센츄리","900280","102.00","2.00%","20.14B","2.09M"
"유안타제13호스팩","449020","2.04K","0.49%","19.70B","2.76K"
"한국정밀기계","101680","2.35K","0.21%","19.66B","6.91K"
"아이오케이","078860","4.08K","0.25%","19.56B","24.87K"
"휴림네트웍스","192410","446.00","0.68%","19.28B","105.91K"
"스튜디오산타클로스","204630","155.00","0.00%","19.04B","0.00"
"신한제9호스팩","405640","4.25K","1.43%","19.00B","55.83K"
"이퓨쳐","134060","4.90K","0.10%","18.99B","2.11K"
"하나금융24호스팩","430230","2.36K","0.00%","18.89B","0.00"
"동일철강","023790","975.00","2.96%","18.67B","73.37K"
"누리플랜","069140","1.43K","1.34%","18.49B","45.64K"
"엔에이치스팩30호","466910","2.02K","-0.49%","18.47B","11.70K"
"엔에이치스팩26호","439410","2.06K","-0.24%","18.17B","9.27K"
"대산F&B","065150","145.00","0.00%","18.11B","0.00"
"유아이디","069330","1.28K","1.26%","17.85B","66.55K"
"에스아이리소스","065420","240.00","-0.83%","17.32B","385.44K"
"신영스팩8호","430220","2.49K","-0.40%","16.90B","20.39K"
"올리패스","244460","497.00","3.54%","16.53B","206.37K"
"엔에이치스팩27호","440820","2.10K","0.24%","16.34B","787.00"
"케이비제21호스팩","424140","2.09K","0.24%","16.08B","9.58K"
"교보12호스팩","421800","2.67K","0.00%","15.94B","0.00"
"노블엠앤비","106520","411.00","0.00%","15.90B","0.00"
"하나금융21호스팩","406760","2.13K","0.00%","15.82B","0.00"
"Daishin Balance No.15","457390","2.22K","-0.22%","15.65B","2.43K"
"파커스","065690","1.17K","0.34%","15.57B","7.88K"
"대신밸런스제14호스팩","442310","2.33K","0.43%","15.53B","378.00"
"엔에이치스팩23호","422040","2.13K","0.00%","15.25B","7.38K"
"Hana 30","469880","2.08K","-0.24%","15.23B","30.48K"
"KD건설","044180","579.00","1.76%","15.20B","266.90K"
"신한제8호스팩","393360","2.06K","0.00%","15.18B","0.00"
"에스디생명공학","217480","351.00","0.00%","14.87B","0.00"
"Yuanta 15","473050","2.02K","-0.25%","14.20B","15.95K"
"Daishin Balance No17","471050","2.35K","1.08%","14.06B","12.75K"
"한국제11호스팩","436610","2.28K","0.00%","13.73B","0.00"
"미래에셋비전스팩1호","412930","2.21K","0.23%","13.59B","17.75K"
"하나금융25호스팩","435620","9.98K","0.10%","13.25B","60.50K"
"하나26호스팩","446750","2.17K","-0.23%","13.12B","169.00"
"대신밸런스제13호스팩","438220","2.27K","0.00%","12.83B","0.00"
"한화플러스제3호스팩","430460","2.17K","0.23%","12.82B","2.25K"
"에이디칩스","054630","158.00","0.00%","12.59B","0.00"
"유안타제9호스팩","430700","2.38K","-0.42%","12.55B","15.06K"
"유안타제10호스팩","435380","2.17K","0.23%","12.41B","5.13K"
"키움제8호스팩","446840","2.14K","1.42%","12.41B","79.00"
"미래에셋비전스팩3호","448830","2.48K","-1.39%","12.40B","11.14K"
"삼성스팩6호","425290","2.23K","0.00%","12.34B","15.96K"
"Shinyoung HappyTomorrow No 9","445970","2.29K","-0.22%","12.27B","1.25K"
"유진스팩7호","388800","2.44K","0.00%","12.22B","0.00"
"하나금융22호스팩","418170","2.21K","0.00%","12.20B","1.49K"
"에스케이증권제10호스팩","457940","2.40K","-0.62%","12.10B","3.26K"
"하나27호스팩","448370","2.12K","0.71%","11.86B","6.00"
"DB금융스팩11호","456440","2.23K","0.45%","11.77B","6.01K"
"하나29호스팩","454640","2.17K","0.23%","11.72B","609.00"
"Hana 31","469900","2.09K","0.00%","11.71B","13.30K"
"윙스풋","335870","1.60K","1.14%","11.62B","22.53K"
"장원테크","174880","530.00","0.00%","11.45B","0.00"
"에스케이증권제9호스팩","455910","2.23K","0.00%","11.19B","149.00"
"상상인제3호스팩","415580","2.10K","0.00%","11.12B","1.62K"
"IBKS제20호스팩","439730","2.54K","-0.39%","11.01B","8.50K"
"유안타제11호스팩","444920","2.10K","0.00%","11.00B","5.26K"
"IBKS제22호스팩","448760","2.48K","1.02%","10.90B","1.00"
"Mirae Asset Vision Special Purpose Acquisition 2","446190","2.19K","0.00%","10.82B","975.00"
"엔에이치스팩24호","437780","2.15K","0.00%","10.81B","11.06K"
"IBKS제21호스팩","442770","2.55K","-0.58%","10.80B","10.99K"
"HI","450050","2.17K","0.93%","10.76B","22.98K"
"하이제7호스팩","400840","2.10K","0.00%","10.73B","6.20K"
"아리온","058220","275.00","0.00%","10.72B","0.00"
"코다코","046070","257.00","0.00%","10.63B","0.00"
"상상인제4호스팩","452670","2.03K","0.25%","10.57B","13.49K"
"Hanwha Plus No 4","455310","2.09K","0.72%","10.50B","4.69K"
"Shinyoung HappyTomorrow No.10","472220","2.19K","-0.23%","10.32B","7.78K"
"유안타제12호스팩","446150","2.12K","0.00%","10.09B","913.00"
"KB제25호스팩","455250","2.23K","0.00%","9.60B","6.66K"
"IBKS No.23","467930","2.26K","0.00%","9.56B","1.37K"
"유안타제14호스팩","450940","2.11K","0.48%","9.53B","2.23K"
"IBKS제24호스팩","469480","2.25K","0.00%","9.52B","365.00"
"교보14호스팩","456490","2.25K","0.00%","9.45B","1.60K"
"교보13호스팩","440790","2.31K","-0.65%","9.42B","26.53K"
"Korea No.13","464440","2.17K","-0.23%","9.42B","584.00"
"Korea No.12","458610","2.23K","0.00%","9.41B","2.27K"
"유진스팩10호","468760","2.17K","-0.69%","9.24B","5.45K"
"신한제10호스팩","418210","2.50K","-0.20%","9.17B","1.89K"
"BNK 1","445360","2.09K","0.00%","9.01B","1.42K"
"키움제7호스팩","433530","2.15K","-0.46%","8.87B","13.83K"
"SK Securities No.11","472230","2.14K","0.23%","8.87B","12.35K"
"BNK 2","473370","2.03K","0.00%","8.55B","1.55K"
"한화플러스제2호스팩","386580","2.04K","0.00%","8.49B","0.00"
"Kyobo 15","465320","2.21K","-0.45%","8.44B","16.33K"
"에스케이증권제8호스팩","435870","2.24K","0.00%","8.33B","0.00"
"유진스팩9호","442130","2.38K","0.00%","8.23B","1.28K"
"키움제6호스팩","413600","2.36K","-1.05%","8.18B","10.19K"
"THE MIDONG","161570","366.00","0.00%","7.65B","0.00"
"Hana 32","475240","2.27K","1.57%","7.15B","82.94K"
"엔에이치스팩25호","438580","2.29K","-0.43%","6.95B","12.09K"
"투비소프트","079970","310.00","-1.59%","4.93B","348.42K"
"에이에스텍","453860","29.00K","1.75%","-","15.37K"
"우듬지팜","403490","2.18K","2.59%","-","222.53K"
"뷰티스킨","406820","12.21K","0.08%","-","20.76K"
"KB제26호스팩","458320","2.40K","-2.04%","-","28.73K"
"하나28호스팩","454750","2.10K","-0.24%","-","3.59K"
"Daishin Balance No16 Sepcial","457630","2.62K","0.00%","-","0.00"
"레뷰코퍼레이션","443250","10.06K","0.90%","-","43.54K"
"에이치엠씨제6호스팩","462020","2.07K","0.24%","-","5.58K"
"와이바이오로직스","338840","9.60K","5.38%","-","100.58K"
"드림인사이트","362990","2.73K","-1.09%","-","135.72K"
"케이엔알시스템","199430","19.46K","1.73%","-","202.31K"
"IMBDX","461030","20.00K","-5.21%","-","3.98M"
"Shinhan 12th","474660","2.09K","0.48%","-","353.80K"
